Registo;Tempo Absoluto (Segundos);Metodo de Deslocamento Em Uso;Estado Actual;Vel. Real (Directa, Normal);Vel. Real (Directa, Kalman);Vel. Virtual in Use (WIP);Vel. Virtual (WIP, Normal);Vel. Virtual (WIP, Kalman);Vel. Virtual (WIP, Event, Normal);Vel. Virtual (WIP, Event, Kalman);Vel. Virtual * Aumento (WIP);Vel. Virtual * Aumento (WIP) * Delta;Delta;Joint Vel. Real (Vector 2);Joint Camera (Vector 3);Joelho Direito (y);Joelho Esquerdo (y);Desvio Joelho Direito;Desvio Joelho Esquerdo;Desvio Joelho Geral;Desvio Joelho Kalman;Direito FootStates (WIP);Esquerdo FootStates (WIP);Direito FootTransitionEvents (WIP);Esquerdo FootTransitionEvents (WIP);N. Passos Total (WIP);N. Passos Direito (WIP);N. Passos Esquerdo (WIP);Distancia Direct;Distancia Wip;Distancia Estacionario;Distancia do anterior;Altura;Threshold de Velocidade Directa;Threshold de Velocidade WIP;Threshold Diff Knee;Threshold do Passo (WIP);Velocidade Inicial WIP;Velocidade Maxima WIP;Nome Joint Vel. Real;Nome Joint Camera;Tempo;Aumento (WIP);Id;Nivel;WIP Mode;Vel. Real (Directa, Kalman, Base);Begin Stop Active;Direito FootStates (WIP, Int);Esquerdo FootStates (WIP, Int);Direito FootTransitionEvents (WIP, Int);Esquerdo FootTransitionEvents (WIP, Int);Joelho Direito (y, Kalman);Joelho Esquerdo (y, Kalman);Vel. Virtual in Use (Estado, WIP)
0;0,010086;CWIP;Estacionario;0;0;0;0;0;0;0;0;0;0;( 0.929f, -0.114f );( 0.962f, 1.602f, -0.198f );0,493;0,504;0;0,01100001;0,01100001;0,0243252;ON_THE_FLOOR;ON_THE_FLOOR;RESTING_DOWN;RESTING_DOWN;0;0;0;1,65;0;0;0;1,733708;0,8;0;0,05;0,035;0,45;4;SpineMid;Head;20170126T164501;1;29;03_Sc_CWIP_Passthrough;Event;0;True;0;0;0;0;0,2477154;0,2532425;0
1;0,409154;CWIP;Estacionario;0;0;0;0;0;0;0;0;0;0;( 0.929f, -0.114f );( 0.962f, 1.602f, -0.198f );0,493;0,504;0;0,01100001;0,01100001;0,01407978;ON_THE_FLOOR;ON_THE_FLOOR;RESTING_DOWN;RESTING_DOWN;0;0;0;0;0;0;0;1,733708;0,8;0;0,05;0,035;0,45;4;SpineMid;Head;20170126T164502;1;29;03_Sc_CWIP_Passthrough;Event;0;True;0;0;0;0;0,3399329;0,3475177;0
2;0,656534;CWIP;Estacionario;0,6574345;0,1349752;0;0;0;0;0;0;0;0;( 0.995f, -0.122f );( 1.025f, 1.592f, -0.200f );0,493;0,509;0;0,016;0,016;0,01056616;ON_THE_FLOOR;ON_THE_FLOOR;RESTING_DOWN;RESTING_DOWN;0;0;0;0;0;0;0;1,774386;0,8;0;0,05;0,035;0,45;4;SpineMid;Head;20170126T164502;1;29;03_Sc_CWIP_Passthrough;Event;0,1349752;True;0;0;0;0;0,3892933;0,3995918;0
3;0,968178;CWIP;Estacionario;0,3006667;0,1312789;0;0;0;0;0;0;0;0;( 1.017f, -0.116f );( 1.052f, 1.599f, -0.199f );0,504;0,516;0;0,01199996;0,01199996;0,007975646;ON_THE_FLOOR;ON_THE_FLOOR;RESTING_DOWN;RESTING_DOWN;0;0;0;0,06648117;0;0;0,06648117;1,736604;0,8;0;0,05;0,035;0,45;4;SpineMid;Head;20170126T164502;1;29;03_Sc_CWIP_Passthrough;Event;0,1312789;True;0;0;0;0;0,4233612;0,434165;0
4;1,037376;CWIP;Estacionario;0,03333322;0,07636017;0;0;0;0;0;0;0;0;( 1.019f, -0.116f );( 1.054f, 1.600f, -0.199f );0,506;0,517;0;0,01100004;0,01100004;0,006414562;ON_THE_FLOOR;ON_THE_FLOOR;RESTING_DOWN;RESTING_DOWN;0;0;0;0,02280657;0;0;0,02280657;1,726336;0,8;0;0,05;0,035;0,45;4;SpineMid;Head;20170126T164502;1;29;03_Sc_CWIP_Passthrough;Event;0,07636017;True;0;0;0;0;0,4468456;0,4577051;0
5;1,37103;CWIP;Estacionario;0,1908915;0,07832164;0;0;0;0;0;0;0;0;( 1.021f, -0.104f );( 1.061f, 1.609f, -0.189f );0,508;0,518;0;0,00999999;0,00999999;0,005388161;ON_THE_FLOOR;ON_THE_FLOOR;RESTING_DOWN;RESTING_DOWN;0;0;0;0,001995087;0;0;0,001995087;1,769786;0,8;0;0,05;0,035;0,45;4;SpineMid;Head;20170126T164503;1;29;03_Sc_CWIP_Passthrough;Event;0,07832164;True;0;0;0;0;0,463819;0,47444;0
6;1,80106;CWIP;Estacionario;0,262385;0,09346055;0;0;0;0;0;0;0;0;( 1.018f, -0.090f );( 1.057f, 1.618f, -0.172f );0,506;0,518;0;0,01200002;0,01200002;0,005236278;ON_THE_FLOOR;ON_THE_FLOOR;RESTING_DOWN;RESTING_DOWN;0;0;0;0,01216597;0;0;0,01216597;1,771903;0,8;0;0,05;0,035;0,45;4;SpineMid;Head;20170126T164503;1;29;03_Sc_CWIP_Passthrough;Event;0,09346055;True;0;0;0;0;0,4753797;0,4863787;0
7;1,872105;CWIP;Estacionario;0,05874227;0,06136437;0;0;0;0;0;0;0;0;( 1.016f, -0.087f );( 1.055f, 1.614f, -0.167f );0,512;0,518;0;0,005999982;0,005999982;0,003972187;ON_THE_FLOOR;ON_THE_FLOOR;RESTING_DOWN;RESTING_DOWN;0;0;0;0,01431747;0;0;0,01431747;1,746402;0,8;0;0,05;0,035;0,45;4;SpineMid;Head;20170126T164503;1;29;03_Sc_CWIP_Passthrough;Event;0,06136437;True;0;0;0;0;0,4853491;0,4949872;0
8;1,919149;CWIP;Estacionario;0,09406319;0,05123359;0;0;0;0;0;0;0;0;( 1.014f, -0.084f );( 1.050f, 1.608f, -0.160f );0,511;0,518;0;0,007000029;0,007000029;0,003496079;ON_THE_FLOOR;ON_THE_FLOOR;RESTING_DOWN;RESTING_DOWN;0;0;0;0,003604947;0;0;0,003604947;1,736939;0,8;0;0,05;0,035;0,45;4;SpineMid;Head;20170126T164503;1;29;03_Sc_CWIP_Passthrough;Event;0,05123359;True;0;0;0;0;0,4923073;0,5012297;0
9;2,019793;CWIP;Estacionario;0,0646143;0,04003078;0;0;0;0;0;0;0;0;( 1.012f, -0.082f );( 1.045f, 1.606f, -0.154f );0,51;0,517;0;0,007000029;0,007000029;0,003242472;ON_THE_FLOOR;ON_THE_FLOOR;RESTING_DOWN;RESTING_DOWN;0;0;0;0,003607058;0;0;0,003607058;1,731774;0,8;0;0,05;0,035;0,45;4;SpineMid;Head;20170126T164503;1;29;03_Sc_CWIP_Passthrough;Event;0,04003078;True;0;0;0;0;0,4970975;0,5054994;0
10;2,078861;CWIP;Estacionario;0,04466094;0,03012914;0;0;0;0;0;0;0;0;( 1.011f, -0.080f );( 1.041f, 1.603f, -0.149f );0,508;0,516;0;0,007999957;0,007999957;0,003304541;ON_THE_FLOOR;ON_THE_FLOOR;RESTING_DOWN;RESTING_DOWN;0;0;0;0,002827648;0;0;0,002827648;1,726007;0,8;0;0,05;0,035;0,45;4;SpineMid;Head;20170126T164503;1;29;03_Sc_CWIP_Passthrough;Event;0,03012914;True;0;0;0;0;0,5000463;0,5083395;0
11;2,13664;CWIP;Estacionario;0,05824014;0,02753226;0;0;0;0;0;0;0;0;( 1.009f, -0.078f );( 1.033f, 1.601f, -0.140f );0,505;0,514;0;0,009000003;0,009000003;0,003534784;ON_THE_FLOOR;ON_THE_FLOOR;RESTING_DOWN;RESTING_DOWN;0;0;0;0,002235826;0;0;0,002235826;1,724407;0,8;0;0,05;0,035;0,45;4;SpineMid;Head;20170126T164504;1;29;03_Sc_CWIP_Passthrough;Event;0,02753226;True;0;0;0;0;0,5013854;0,5098697;0
12;2,253098;CWIP;Estacionario;0,0957129;0,03353756;0;0;0;0;0;0;0;0;( 1.006f, -0.075f );( 1.016f, 1.601f, -0.122f );0,497;0,507;0;0,01000002;0,01000002;0,003854603;ON_THE_FLOOR;ON_THE_FLOOR;RESTING_DOWN;RESTING_DOWN;0;0;0;0,002827648;0;0;0,002827648;1,720704;0,8;0;0,05;0,035;0,45;4;SpineMid;Head;20170126T164504;1;29;03_Sc_CWIP_Passthrough;Event;0,03353756;True;0;0;0;0;0,5002003;0,5090942;0
13;2,336676;CWIP;Estacionario;0;0,01786451;0;0;0;0;0;0;0;0;( 1.006f, -0.075f );( 1.016f, 1.601f, -0.122f );0,497;0,507;0;0,01000002;0,01000002;0,004024961;ON_THE_FLOOR;ON_THE_FLOOR;RESTING_DOWN;RESTING_DOWN;0;0;0;0,004244172;0;0;0,004244172;1,720704;0,8;0;0,05;0,035;0,45;4;SpineMid;Head;20170126T164504;1;29;03_Sc_CWIP_Passthrough;Event;0,01786451;True;0;0;0;0;0,4993356;0,5085284;0
14;2,437486;CWIP;Estacionario;0,1076333;0,03073818;0;0;0;0;0;0;0;0;( 1.004f, -0.073f );( 0.996f, 1.604f, -0.100f );0,488;0,5;0;0,01199999;0,01199999;0,004510045;ON_THE_FLOOR;ON_THE_FLOOR;RESTING_DOWN;RESTING_DOWN;0;0;0;0;0;0;0;1,724839;0,8;0;0,05;0,035;0,45;4;SpineMid;Head;20170126T164504;1;29;03_Sc_CWIP_Passthrough;Event;0,03073818;True;0;0;0;0;0,4962729;0,5062242;0
15;2,538218;CWIP;Estacionario;0,07486978;0,03113558;0;0;0;0;0;0;0;0;( 1.004f, -0.071f );( 0.988f, 1.607f, -0.088f );0,485;0,498;0;0,01299998;0,01299998;0,004965605;ON_THE_FLOOR;ON_THE_FLOOR;RESTING_DOWN;RESTING_DOWN;0;0;0;0,002827653;0;0;0,002827653;1,718204;0,8;0;0,05;0,035;0,45;4;SpineMid;Head;20170126T164504;1;29;03_Sc_CWIP_Passthrough;Event;0,03113558;True;0;0;0;0;0,4932273;0,5040022;0
16;2,718942;CWIP;Estacionario;0,2179125;0,05955125;0;0;0;0;0;0;0;0;( 1.004f, -0.067f );( 0.981f, 1.611f, -0.070f );0,48;0,496;0;0,016;0,016;0,005799788;ON_THE_FLOOR;ON_THE_FLOOR;RESTING_DOWN;RESTING_DOWN;0;0;0;0,002;0;0;0,002;1,715215;0,8;0;0,05;0,035;0,45;4;SpineMid;Head;20170126T164504;1;29;03_Sc_CWIP_Passthrough;Event;0,05955125;True;0;0;0;0;0,4896538;0,5018403;0
17;2,803726;CWIP;Estacionario;0,2807018;0,08706777;0;0;0;0;0;0;0;0;( 1.004f, -0.063f );( 0.976f, 1.614f, -0.056f );0,474;0,492;0;0,01800001;0,01800001;0,006638479;ON_THE_FLOOR;ON_THE_FLOOR;RESTING_DOWN;RESTING_DOWN;0;0;0;0,004000003;0;0;0,004000003;1,714742;0,8;0;0,05;0,035;0,45;4;SpineMid;Head;20170126T164504;1;29;03_Sc_CWIP_Passthrough;Event;0,08706777;True;0;0;0;0;0,4854248;0,4991819;0
18;2,839798;CWIP;Estacionario;0,1521614;0,07638051;0;0;0;0;0;0;0;0;( 1.005f, -0.059f );( 0.971f, 1.614f, -0.046f );0,468;0,487;0;0,01899999;0,01899999;0,007282395;ON_THE_FLOOR;ON_THE_FLOOR;RESTING_DOWN;RESTING_DOWN;0;0;0;0,004000003;0;0;0,004000003;1,708321;0,8;0;0,05;0,035;0,45;4;SpineMid;Head;20170126T164504;1;29;03_Sc_CWIP_Passthrough;Event;0,07638051;True;0;0;0;0;0,4807173;0,4958908;0
19;2,940201;CWIP;Estacionario;0,1554425;0,07133463;0;0;0;0;0;0;0;0;( 1.005f, -0.055f );( 0.967f, 1.613f, -0.040f );0,464;0,481;0;0,01700002;0,01700002;0,007231052;ON_THE_FLOOR;ON_THE_FLOOR;RESTING_DOWN;RESTING_DOWN;0;0;0;0,0041239;0;0;0,0041239;1,71107;0,8;0;0,05;0,035;0,45;4;SpineMid;Head;20170126T164504;1;29;03_Sc_CWIP_Passthrough;Event;0,07133463;True;0;0;0;0;0,476201;0,491868;0
20;3,023862;CWIP;Estacionario;0,2353874;0,08440972;0;0;0;0;0;0;0;0;( 1.007f, -0.051f );( 0.965f, 1.611f, -0.038f );0,46;0,477;0;0,01699999;0,01699999;0,007203698;ON_THE_FLOOR;ON_THE_FLOOR;RESTING_DOWN;RESTING_DOWN;0;0;0;0,004000001;0;0;0,004000001;1,718449;0,8;0;0,05;0,035;0,45;4;SpineMid;Head;20170126T164504;1;29;03_Sc_CWIP_Passthrough;Event;0,08440972;True;0;0;0;0;0,4718242;0,4878513;0
21;3,126495;CWIP;Estacionario;0,0816012;0,06105215;0;0;0;0;0;0;0;0;( 1.008f, -0.048f );( 0.971f, 1.609f, -0.035f );0,457;0,473;0;0,016;0,016;0,006991958;ON_THE_FLOOR;ON_THE_FLOOR;RESTING_DOWN;RESTING_DOWN;0;0;0;0,004471645;0;0;0,004471645;1,721444;0,8;0;0,05;0,035;0,45;4;SpineMid;Head;20170126T164505;1;29;03_Sc_CWIP_Passthrough;Event;0,06105215;True;0;0;0;0;0,4678193;0,4838391;0
23;3,241569;CWIP;Estacionario;0,1202591;0,05099815;0;0;0;0;0;0;0;0;( 1.011f, -0.043f );( 1.002f, 1.595f, -0.016f );0,453;0,465;0;0,01199999;0,01199999;0,005925375;ON_THE_FLOOR;ON_THE_FLOOR;RESTING_DOWN;RESTING_DOWN;0;0;0;0,003162103;0;0;0,003162103;1,718375;0,8;0;0,05;0,035;0,45;4;SpineMid;Head;20170126T164505;1;29;03_Sc_CWIP_Passthrough;Event;0,05099815;True;0;0;0;0;0,461091;0,4758238;0
24;3,358815;CWIP;Estacionario;0,06819262;0,04061095;0;0;0;0;0;0;0;0;( 1.012f, -0.041f );( 1.021f, 1.583f, 0.001f );0,453;0,463;0;0,00999999;0,00999999;0,005127998;ON_THE_FLOOR;ON_THE_FLOOR;RESTING_DOWN;RESTING_DOWN;0;0;0;0,002830346;0;0;0,002830346;1,703626;0,8;0;0,05;0,035;0,45;4;SpineMid;Head;20170126T164505;1;29;03_Sc_CWIP_Passthrough;Event;0,04061095;True;0;0;0;0;0,4589052;0,4723593;0
25;3,443105;CWIP;Estacionario;0,05543676;0,03256288;0;0;0;0;0;0;0;0;( 1.014f, -0.040f );( 1.047f, 1.566f, 0.022f );0,453;0,46;0;0,006999999;0,006999999;0,004111743;ON_THE_FLOOR;ON_THE_FLOOR;RESTING_DOWN;RESTING_DOWN;0;0;0;0,002234123;0;0;0,002234123;1,701513;0,8;0;0,05;0,035;0,45;4;SpineMid;Head;20170126T164505;1;29;03_Sc_CWIP_Passthrough;Event;0,03256288;True;0;0;0;0;0,4573099;0,4690204;0
26;3,511415;CWIP;Estacionario;0,02625137;0,02252136;0;0;0;0;0;0;0;0;( 1.015f, -0.039f );( 1.070f, 1.552f, 0.040f );0,453;0,457;0;0,003999978;0,003999978;0,002978893;ON_THE_FLOOR;ON_THE_FLOOR;RESTING_DOWN;RESTING_DOWN;0;0;0;0,002241912;0;0;0,002241912;1,706596;0,8;0;0,05;0,035;0,45;4;SpineMid;Head;20170126T164505;1;29;03_Sc_CWIP_Passthrough;Event;0,02252136;True;0;0;0;0;0,4561455;0,465773;0
27;3,581017;CWIP;Estacionario;0,02548516;0,01702145;0;0;0;0;0;0;0;0;( 1.016f, -0.038f );( 1.087f, 1.540f, 0.053f );0,454;0,455;0;0,001000017;0,001000017;0,001783948;ON_THE_FLOOR;ON_THE_FLOOR;RESTING_DOWN;RESTING_DOWN;0;0;0;0,001411133;0;0;0,001411133;1,71469;0,8;0;0,05;0,035;0,45;4;SpineMid;Head;20170126T164505;1;29;03_Sc_CWIP_Passthrough;Event;0,01702145;True;0;0;0;0;0,4555659;0,4628626;0
28;3,67787;CWIP;Estacionario;0;0,009066852;0;0;0;0;0;0;0;0;( 1.016f, -0.038f );( 1.097f, 1.536f, 0.057f );0,455;0,456;0;0,0009999871;0,0009999871;0,001147428;ON_THE_FLOOR;ON_THE_FLOOR;RESTING_DOWN;RESTING_DOWN;0;0;0;0,001413827;0;0;0,001413827;1,717339;0,8;0;0,05;0,035;0,45;4;SpineMid;Head;20170126T164505;1;29;03_Sc_CWIP_Passthrough;Event;0,009066852;True;0;0;0;0;0,455413;0,4610086;0
29;3,778214;CWIP;Estacionario;0,02592098;0,009940544;0;0;0;0;0;0;0;0;( 1.017f, -0.038f );( 1.105f, 1.533f, 0.056f );0,455;0,457;0;0,001999974;0,001999974;0,001005542;ON_THE_FLOOR;ON_THE_FLOOR;RESTING_DOWN;RESTING_DOWN;0;0;0;0;0;0;0;1,721714;0,8;0;0,05;0,035;0,45;4;SpineMid;Head;20170126T164505;1;29;03_Sc_CWIP_Passthrough;Event;0,009940544;True;0;0;0;0;0,4553014;0,4599257;0
30;3,879024;CWIP;Estacionario;0,065667;0,01824273;0;0;0;0;0;0;0;0;( 1.015f, -0.040f );( 1.110f, 1.535f, 0.047f );0,455;0,456;0;0,0009999871;0,0009999871;0,0007327931;ON_THE_FLOOR;ON_THE_FLOOR;RESTING_DOWN;RESTING_DOWN;0;0;0;0,0009994507;0;0;0,0009994507;1,719557;0,8;0;0,05;0,035;0,45;4;SpineMid;Head;20170126T164505;1;29;03_Sc_CWIP_Passthrough;Event;0,01824273;True;0;0;0;0;0,45522;0,4588651;0
31;3,932973;CWIP;Estacionario;0,08067166;0,02562357;0;0;0;0;0;0;0;0;( 1.013f, -0.043f );( 1.113f, 1.539f, 0.036f );0,455;0,455;0;0;0;0,01404264;ON_THE_FLOOR;ON_THE_FLOOR;RESTING_DOWN;RESTING_DOWN;0;0;0;0,002824958;0;0;0,002824958;1,727374;0,8;0;0,05;0,035;0,45;4;SpineMid;Head;20170126T164505;1;29;03_Sc_CWIP_Passthrough;Event;0,02562357;True;0;0;0;0;0,4551606;0,457821;0
32;4,00054;CWIP;Estacionario;0,101752;0,03371158;0;0;0;0;0;0;0;0;( 1.009f, -0.047f );( 1.115f, 1.544f, 0.021f );0,454;0,456;0;0,002000004;0,002000004;0,02429705;ON_THE_FLOOR;ON_THE_FLOOR;RESTING_DOWN;RESTING_DOWN;0;0;0;0,003607064;0;0;0,003607064;1,737099;0,8;0;0,05;0,035;0,45;4;SpineMid;Head;20170126T164505;1;29;03_Sc_CWIP_Passthrough;Event;0,03371158;True;0;0;0;0;0,454847;0,457329;0
33;4,099959;CWIP;Estacionario;0,1285813;0,04330982;0;0;0;0;0;0;0;0;( 1.006f, -0.052f );( 1.117f, 1.549f, 0.004f );0,455;0,459;0;0,003999978;0,003999978;0,01373104;ON_THE_FLOOR;ON_THE_FLOOR;RESTING_DOWN;RESTING_DOWN;0;0;0;0,005655296;0;0;0,005655296;1,74889;0,8;0;0,05;0,035;0,45;4;SpineMid;Head;20170126T164505;1;29;03_Sc_CWIP_Passthrough;Event;0,04330982;True;0;0;0;0;0,4548884;0,4577804;0
34;4,214116;CWIP;Estacionario;0,07832671;0,03851375;0;0;0;0;0;0;0;0;( 1.005f, -0.056f );( 1.120f, 1.552f, -0.009f );0,456;0,462;0;0,006000012;0,006000012;0,008497175;ON_THE_FLOOR;ON_THE_FLOOR;RESTING_DOWN;RESTING_DOWN;0;0;0;0,005832069;0;0;0,005832069;1,741907;0,8;0;0,05;0,035;0,45;4;SpineMid;Head;20170126T164506;1;29;03_Sc_CWIP_Passthrough;Event;0,03851375;True;0;0;0;0;0,4551887;0,4589204;0
35;4,288666;CWIP;Estacionario;0,2284307;0,0655553;0;0;0;0;0;0;0;0;( 1.001f, -0.069f );( 1.124f, 1.559f, -0.047f );0,462;0,471;0;0,008999974;0,008999974;0,006300748;ON_THE_FLOOR;ON_THE_FLOOR;RESTING_DOWN;RESTING_DOWN;0;0;0;0,004122973;0;0;0,004122973;1,737014;0,8;0;0,05;0,035;0,45;4;SpineMid;Head;20170126T164506;1;29;03_Sc_CWIP_Passthrough;Event;0,0655553;True;0;0;0;0;0,4570288;0,4621838;0
36;4,402549;CWIP;Estacionario;0;0,03491947;0;0;0;0;0;0;0;0;( 1.001f, -0.069f );( 1.124f, 1.559f, -0.047f );0,462;0,471;0;0,008999974;0,008999974;0,005130773;ON_THE_FLOOR;ON_THE_FLOOR;RESTING_DOWN;RESTING_DOWN;0;0;0;0,01360082;0;0;0,01360082;1,737014;0,8;0;0,05;0,035;0,45;4;SpineMid;Head;20170126T164506;1;29;03_Sc_CWIP_Passthrough;Event;0,03491947;True;0;0;0;0;0,4583718;0,4645655;0
37;4,499522;CWIP;Estacionario;0,4399056;0,1053376;0;0;0;0;0;0;0;0;( 0.999f, -0.084f );( 1.126f, 1.561f, -0.079f );0,467;0,479;0;0,01199999;0,01199999;0,00509908;ON_THE_FLOOR;ON_THE_FLOOR;RESTING_DOWN;RESTING_DOWN;0;0;0;0;0;0;0;1,748664;0,8;0;0,05;0,035;0,45;4;SpineMid;Head;20170126T164506;1;29;03_Sc_CWIP_Passthrough;Event;0,1053376;True;0;0;0;0;0,4607028;0,4684651;0
38;4,599981;CWIP;Estacionario;0;0,05611039;0;0;0;0;0;0;0;0;( 0.999f, -0.084f );( 1.126f, 1.561f, -0.079f );0,467;0,479;0;0,01199999;0,01199999;0,005082197;ON_THE_FLOOR;ON_THE_FLOOR;RESTING_DOWN;RESTING_DOWN;0;0;0;0,01513311;0;0;0,01513311;1,748664;0,8;0;0,05;0,035;0,45;4;SpineMid;Head;20170126T164506;1;29;03_Sc_CWIP_Passthrough;Event;0,05611039;True;0;0;0;0;0,462404;0,4713112;0
39;4,683981;CWIP;Estacionario;0,2045193;0,07021388;0;0;0;0;0;0;0;0;( 1.001f, -0.092f );( 1.127f, 1.558f, -0.089f );0,467;0,48;0;0,01299998;0,01299998;0,005270374;ON_THE_FLOOR;ON_THE_FLOOR;RESTING_DOWN;RESTING_DOWN;0;0;0;0;0;0;0;1,732002;0,8;0;0,05;0,035;0,45;4;SpineMid;Head;20170126T164506;1;29;03_Sc_CWIP_Passthrough;Event;0,07021388;True;0;0;0;0;0,4636456;0,4736585;0
40;5,220642;CWIP;Estacionario;0,3569221;0,1077759;0;0;0;0;0;0;0;0;( 1.009f, -0.104f );( 1.117f, 1.523f, -0.088f );0,454;0,467;0;0,01300001;0,01300001;0,005370617;ON_THE_FLOOR;ON_THE_FLOOR;RESTING_DOWN;RESTING_DOWN;0;0;0;0,008246872;0;0;0,008246872;1,713153;0,8;0;0,05;0,035;0,45;4;SpineMid;Head;20170126T164507;1;29;03_Sc_CWIP_Passthrough;Event;0,1077759;True;0;0;0;0;0,4610398;0,4718597;0
41;5,321705;CWIP;Estacionario;0,05638147;0,06852606;0;0;0;0;0;0;0;0;( 1.008f, -0.106f );( 1.078f, 1.538f, -0.112f );0,457;0,471;0;0,014;0,014;0,005621182;ON_THE_FLOOR;ON_THE_FLOOR;RESTING_DOWN;RESTING_DOWN;0;0;0;0,01442188;0;0;0,01442188;1,689968;0,8;0;0,05;0,035;0,45;4;SpineMid;Head;20170126T164507;1;29;03_Sc_CWIP_Passthrough;Event;0,06852606;True;0;0;0;0;0,4599484;0,4716274;0
42;5,503901;CWIP;Estacionario;0,2904126;0,09376311;0;0;0;0;0;0;0;0;( 1.002f, -0.109f );( 1.004f, 1.569f, -0.154f );0,465;0,485;0;0,02000001;0,02000001;0,006937685;ON_THE_FLOOR;ON_THE_FLOOR;RESTING_DOWN;RESTING_DOWN;0;0;0;0,002237527;0;0;0,002237527;1,69567;0,8;0;0,05;0,035;0,45;4;SpineMid;Head;20170126T164507;1;29;03_Sc_CWIP_Passthrough;Event;0,09376311;True;0;0;0;0;0,4613132;0,4752401;0
43;5,587952;CWIP;Estacionario;0,02582858;0,05503764;0;0;0;0;0;0;0;0;( 1.001f, -0.109f );( 0.992f, 1.576f, -0.161f );0,467;0,487;0;0,01999998;0,01999998;0,007638943;ON_THE_FLOOR;ON_THE_FLOOR;RESTING_DOWN;RESTING_DOWN;0;0;0;0,006708667;0;0;0,006708667;1,692956;0,8;0;0,05;0,035;0,45;4;SpineMid;Head;20170126T164507;1;29;03_Sc_CWIP_Passthrough;Event;0,05503764;True;0;0;0;0;0,4628495;0,4784171;0
44;5,70556;CWIP;Estacionario;0,02587711;0,03441925;0;0;0;0;0;0;0;0;( 1.000f, -0.109f );( 0.979f, 1.586f, -0.169f );0,47;0,49;0;0,02000001;0,02000001;0,008012489;ON_THE_FLOOR;ON_THE_FLOOR;RESTING_DOWN;RESTING_DOWN;0;0;0;0,000995636;0;0;0,000995636;1,702777;0,8;0;0,05;0,035;0,45;4;SpineMid;Head;20170126T164507;1;29;03_Sc_CWIP_Passthrough;Event;0,03441925;True;0;0;0;0;0,4647813;0,4815463;0
45;5,756724;CWIP;Estacionario;0,02412416;0,02309077;0;0;0;0;0;0;0;0;( 1.000f, -0.108f );( 0.972f, 1.595f, -0.174f );0,473;0,494;0;0,021;0,021;0,008408637;ON_THE_FLOOR;ON_THE_FLOOR;RESTING_DOWN;RESTING_DOWN;0;0;0;0,001003265;0;0;0,001003265;1,714828;0,8;0;0,05;0,035;0,45;4;SpineMid;Head;20170126T164507;1;29;03_Sc_CWIP_Passthrough;Event;0,02309077;True;0;0;0;0;0,4670016;0,4849108;0
46;5,806471;CWIP;Estacionario;0,02636928;0,01749908;0;0;0;0;0;0;0;0;( 1.000f, -0.107f );( 0.970f, 1.600f, -0.176f );0,475;0,498;0;0,023;0,023;0,009013997;ON_THE_FLOOR;ON_THE_FLOOR;RESTING_DOWN;RESTING_DOWN;0;0;0;0,0009999946;0;0;0,0009999946;1,731347;0,8;0;0,05;0,035;0,45;4;SpineMid;Head;20170126T164507;1;29;03_Sc_CWIP_Passthrough;Event;0,01749908;True;0;0;0;0;0,4691624;0,4884469;0
47;5,989836;CWIP;Estacionario;0,09668908;0,02838564;0;0;0;0;0;0;0;0;( 1.002f, -0.104f );( 0.976f, 1.607f, -0.174f );0,479;0,503;0;0,02400002;0,02400002;0,009533632;ON_THE_FLOOR;ON_THE_FLOOR;RESTING_DOWN;RESTING_DOWN;0;0;0;0,001000002;0;0;0,001000002;1,746324;0,8;0;0,05;0,035;0,45;4;SpineMid;Head;20170126T164507;1;29;03_Sc_CWIP_Passthrough;Event;0,02838564;True;0;0;0;0;0,4718201;0,4923785;0
48;6,092008;CWIP;Estacionario;0,1909058;0,05276147;0;0;0;0;0;0;0;0;( 1.005f, -0.100f );( 0.990f, 1.611f, -0.169f );0,482;0,506;0;0,02399999;0,02399999;0,00981042;ON_THE_FLOOR;ON_THE_FLOOR;RESTING_DOWN;RESTING_DOWN;0;0;0;0,003607058;0;0;0,003607058;1,744505;0,8;0;0,05;0,035;0,45;4;SpineMid;Head;20170126T164507;1;29;03_Sc_CWIP_Passthrough;Event;0,05276147;True;0;0;0;0;0,4745702;0,4960584;0
49;6,221303;CWIP;Estacionario;0,3577131;0,0986355;0;0;0;0;0;0;0;0;( 1.011f, -0.096f );( 1.006f, 1.608f, -0.161f );0,481;0,505;0;0,02399999;0,02399999;0,009957857;ON_THE_FLOOR;ON_THE_FLOOR;RESTING_DOWN;RESTING_DOWN;0;0;0;0,004999012;0;0;0,004999012;1,722576;0,8;0;0,05;0,035;0,45;4;SpineMid;Head;20170126T164508;1;29;03_Sc_CWIP_Passthrough;Event;0,0986355;True;0;0;0;0;0,4763073;0,4984741;0
50;6,308426;CWIP;Estacionario;0,3069256;0,1130574;0;0;0;0;0;0;0;0;( 1.018f, -0.093f );( 1.019f, 1.606f, -0.158f );0,477;0,503;0;0,02600002;0,02600002;0,01043074;ON_THE_FLOOR;ON_THE_FLOOR;RESTING_DOWN;RESTING_DOWN;0;0;0;0,007211535;0;0;0,007211535;1,710461;0,8;0;0,05;0,035;0,45;4;SpineMid;Head;20170126T164508;1;29;03_Sc_CWIP_Passthrough;Event;0,1130574;True;0;0;0;0;0,4764944;0,4996968;0
51;6,425228;CWIP;Estacionario;0,1396548;0,08775853;0;0;0;0;0;0;0;0;( 1.024f, -0.092f );( 1.026f, 1.605f, -0.156f );0,474;0,501;0;0,02699998;0,02699998;0,0108798;ON_THE_FLOOR;ON_THE_FLOOR;RESTING_DOWN;RESTING_DOWN;0;0;0;0,007615745;0;0;0,007615745;1,706828;0,8;0;0,05;0,035;0,45;4;SpineMid;Head;20170126T164508;1;29;03_Sc_CWIP_Passthrough;Event;0,08775853;True;0;0;0;0;0,4758205;0,5000488;0
52;6,487713;CWIP;Estacionario;0,1932199;0,08484403;0;0;0;0;0;0;0;0;( 1.033f, -0.090f );( 1.034f, 1.608f, -0.155f );0,471;0,497;0;0,02600002;0,02600002;0,01092184;ON_THE_FLOOR;ON_THE_FLOOR;RESTING_DOWN;RESTING_DOWN;0;0;0;0,006083275;0;0;0,006083275;1,714608;0,8;0;0,05;0,035;0,45;4;SpineMid;Head;20170126T164508;1;29;03_Sc_CWIP_Passthrough;Event;0,08484403;True;0;0;0;0;0,4745182;0,4992252;0
53;6,543303;CWIP;Estacionario;0,3090922;0,1061383;0;0;0;0;0;0;0;0;( 1.044f, -0.087f );( 1.042f, 1.614f, -0.156f );0,468;0,493;0;0,02500001;0,02500001;0,01074705;ON_THE_FLOOR;ON_THE_FLOOR;RESTING_DOWN;RESTING_DOWN;0;0;0;0,009218441;0;0;0,009218441;1,729562;0,8;0;0,05;0,035;0,45;4;SpineMid;Head;20170126T164508;1;29;03_Sc_CWIP_Passthrough;Event;0,1061383;True;0;0;0;0;0,4727573;0,4975434;0
54;6,627076;CWIP;Estacionario;0,2701401;0,1098009;0;0;0;0;0;0;0;0;( 1.053f, -0.082f );( 1.048f, 1.625f, -0.167f );0,465;0,49;0;0,02500001;0,02500001;0,01065395;ON_THE_FLOOR;ON_THE_FLOOR;RESTING_DOWN;RESTING_DOWN;0;0;0;0,01140329;0;0;0,01140329;1,753995;0,8;0;0,05;0,035;0,45;4;SpineMid;Head;20170126T164508;1;29;03_Sc_CWIP_Passthrough;Event;0,1098009;True;0;0;0;0;0,4706616;0,4955055;0
55;6,714045;CWIP;Estacionario;0,3776318;0,1329462;0;0;0;0;0;0;0;0;( 1.046f, -0.068f );( 1.037f, 1.662f, -0.168f );0,471;0,501;0;0,03;0,03;0,01159022;ON_THE_FLOOR;ON_THE_FLOOR;RESTING_DOWN;RESTING_DOWN;0;0;0;0,01029131;0;0;0,01029131;1,788912;0,8;0;0,05;0,035;0,45;4;SpineMid;Head;20170126T164508;1;29;03_Sc_CWIP_Passthrough;Event;0,1329462;True;0;0;0;0;0,470753;0,4969899;0
56;6,761439;CWIP;Estacionario;0,3035324;0,1306648;0;0;0;0;0;0;0;0;( 1.040f, -0.059f );( 1.044f, 1.645f, -0.158f );0,48;0,51;0;0,03;0,03;0,01208894;ON_THE_FLOOR;ON_THE_FLOOR;RESTING_DOWN;RESTING_DOWN;0;0;0;0,01565075;0;0;0,01565075;1,784285;0,8;0;0,05;0,035;0,45;4;SpineMid;Head;20170126T164508;1;29;03_Sc_CWIP_Passthrough;Event;0,1306648;True;0;0;0;0;0,4732512;0,5005046;0
57;6,827862;CWIP;Estacionario;0,1211415;0,09348714;0;0;0;0;0;0;0;0;( 1.042f, -0.060f );( 1.067f, 1.596f, -0.147f );0,487;0,517;0;0,03000003;0,03000003;0,0123546;ON_THE_FLOOR;ON_THE_FLOOR;RESTING_DOWN;RESTING_DOWN;0;0;0;0,01081694;0;0;0,01081694;1,777682;0,8;0;0,05;0,035;0,45;4;SpineMid;Head;20170126T164508;1;29;03_Sc_CWIP_Passthrough;Event;0,09348714;True;0;0;0;0;0,4769655;0,504961;0
58;6,925001;CWIP;Estacionario;0,1997005;0,08917329;0;0;0;0;0;0;0;0;( 1.043f, -0.063f );( 1.081f, 1.568f, -0.140f );0,49;0,522;0;0,03200001;0,03200001;0,01289045;ON_THE_FLOOR;ON_THE_FLOOR;RESTING_DOWN;RESTING_DOWN;0;0;0;0,002235085;0;0;0,002235085;1,800926;0,8;0;0,05;0,035;0,45;4;SpineMid;Head;20170126T164508;1;29;03_Sc_CWIP_Passthrough;Event;0,08917329;True;0;0;0;0;0,4804868;0,5095642;0
59;7,029739;CWIP;Estacionario;0,3209566;0,1107837;0;0;0;0;0;0;0;0;( 1.046f, -0.072f );( 1.111f, 1.496f, -0.125f );0,495;0,53;0;0,03499997;0,03499997;0,01376739;ON_THE_FLOOR;ON_THE_FLOOR;RESTING_DOWN;RESTING_DOWN;0;0;0;0,003162106;0;0;0,003162106;1,857183;0,8;0;0,05;0,035;0,45;4;SpineMid;Head;20170126T164508;1;29;03_Sc_CWIP_Passthrough;Event;0,1107837;True;0;0;0;0;0,4844077;0,515085;0
60;7,264682;CWIP;Estacionario;0;0,05901138;0;0;0;0;0;0;0;0;( 1.046f, -0.072f );( 1.111f, 1.496f, -0.125f );0,495;0,53;0;0,03499997;0,03499997;0,01423451;ON_THE_FLOOR;ON_THE_FLOOR;RESTING_DOWN;RESTING_DOWN;0;0;0;0,009486308;0;0;0,009486308;1,857183;0,8;0;0,05;0,035;0,45;4;SpineMid;Head;20170126T164509;1;29;03_Sc_CWIP_Passthrough;Event;0,05901138;True;0;0;0;0;0,4872693;0,5191144;0
61;7,386494;CWIP;Estacionario;0,1078196;0,0526927;0,45;0,45;0,1215703;0,45;0,1215703;0,45;0;0;( 1.046f, -0.076f );( 1.123f, 1.443f, -0.108f );0,488;0,525;0;0,03699997;0,03699997;0,01487768;ON_THE_FLOOR;RAISED_UP;RESTING_DOWN;ELEVATING;0;0;0;3,814697E-06;0;0;3,814697E-06;1,8305;0,8;0;0,05;0,035;0,45;4;SpineMid;Head;20170126T164509;1;29;03_Sc_CWIP_Passthrough;Event;0,0526927;True;0;2;0;2;0,4874667;0,5207044;0
62;7,553972;CWIP;Estacionario;0,1046149;0,04869504;0,2250002;3,485652E-07;0,08872741;0,2250002;0,1495125;0,2250002;0;0;( 1.044f, -0.081f );( 1.117f, 1.447f, -0.094f );0,471;0,508;0;0,03700003;0,03700003;0,01522028;ON_THE_FLOOR;RAISED_DOWN;RESTING_DOWN;MAX_REACHED;0;0;0;0,004000003;0;0;0,004000003;1,803217;0,8;0;0,05;0,035;0,45;4;SpineMid;Head;20170126T164509;1;29;03_Sc_CWIP_Passthrough;Event;0,04869504;True;0;1;0;3;0,4830181;0,5172722;0
63;7,620105;CWIP;Estacionario;0,05185455;0,03616274;0,2250002;3,485652E-07;0,06475725;0,2250002;0,169906;0,2250002;0;0;( 1.042f, -0.083f );( 1.112f, 1.458f, -0.089f );0,464;0,502;0;0,03799999;0,03799999;0,01559995;ON_THE_FLOOR;RAISED_DOWN;RESTING_DOWN;MAX_REACHED;0;0;0;0,005383344;0;0;0,005383344;1,796924;0,8;0;0,05;0,035;0,45;4;SpineMid;Head;20170126T164509;1;29;03_Sc_CWIP_Passthrough;Event;0,03616274;True;0;1;0;3;0,4778802;0,5131463;0
64;7,704191;CWIP;Estacionario;0,09009239;0,03702656;0,2250002;3,485652E-07;0,04726277;0,2250002;0,18479;0,2250002;0;0;( 1.037f, -0.085f );( 1.104f, 1.471f, -0.108f );0,462;0,506;0;0,04399997;0,04399997;0,01698521;ON_THE_FLOOR;RAISED_DOWN;RESTING_DOWN;MAX_REACHED;0;0;0;0,002830346;0;0;0,002830346;1,757778;0,8;0;0,05;0,035;0,45;4;SpineMid;Head;20170126T164509;1;29;03_Sc_CWIP_Passthrough;Event;0,03702656;True;0;1;0;3;0,4735901;0,5112157;0
65;7,922627;CWIP;Estacionario;0;0,01972301;0,2250002;3,485652E-07;0,03449453;0,2250002;0,195653;0,2250002;0;0;( 1.037f, -0.085f );( 1.104f, 1.471f, -0.108f );0,462;0,506;0;0,04399997;0,04399997;0,0177231;ON_THE_FLOOR;RAISED_DOWN;RESTING_DOWN;MAX_REACHED;0;0;0;0,005382616;0;0;0,005382616;1,757778;0,8;0;0,05;0,035;0,45;4;SpineMid;Head;20170126T164509;1;29;03_Sc_CWIP_Passthrough;Event;0,01972301;True;0;1;0;3;0,470459;0,5098066;0
66;8,408567;CWIP;Estacionario;0,4855777;0,1062481;0,2250002;0,004672941;0,02643804;0,2250002;0,2035813;0,2250002;0;0;( 1.016f, -0.106f );( 1.080f, 1.487f, -0.178f );0,468;0,501;0;0,03299999;0,03299999;0,01594727;ON_THE_FLOOR;ON_THE_FLOOR;RESTING_DOWN;RESTING_DOWN;1;0;1;3,814697E-06;0;0;3,814697E-06;1,613164;0,8;0;0,05;0,035;0,45;4;SpineMid;Head;20170126T164510;1;29;03_Sc_CWIP_Passthrough;Event;0,1062481;True;0;0;0;0;0,4697947;0,5074275;0
67;8,627754;CWIP;Estacionario;0,3226134;0,1202057;0,2250002;0,004672941;0,02055807;0,2250002;0,2093678;0,2250002;0;0;( 1.023f, -0.123f );( 1.089f, 1.481f, -0.198f );0,458;0,488;0;0,03;0,03;0,01440982;ON_THE_FLOOR;ON_THE_FLOOR;RESTING_DOWN;RESTING_DOWN;1;0;1;0,02969842;0;0;0,02969842;1,6053;0,8;0;0,05;0,035;0,45;4;SpineMid;Head;20170126T164510;1;29;03_Sc_CWIP_Passthrough;Event;0,1202057;True;0;0;0;0;0,4666083;0,502179;0
68;8,692579;CWIP;Estacionario;0,2268094;0,1087506;0,2250002;0,004672941;0,0162666;0,2250002;0,213591;0,2250002;0;0;( 1.028f, -0.134f );( 1.097f, 1.477f, -0.210f );0,45;0,474;0;0,02400002;0,02400002;0,01240783;ON_THE_FLOOR;ON_THE_FLOOR;RESTING_DOWN;RESTING_DOWN;1;0;1;0,01838622;0;0;0,01838622;1,614912;0,8;0;0,05;0,035;0,45;4;SpineMid;Head;20170126T164510;1;29;03_Sc_CWIP_Passthrough;Event;0,1087506;True;0;0;0;0;0,4621214;0,4945663;0
69;9,027362;CWIP;Estacionario;0,652761;0,1866345;0,2250002;0,004672941;0,0131345;0,2250002;0,2166732;0,2250002;0;0;( 1.040f, -0.155f );( 1.091f, 1.533f, -0.233f );0,445;0,438;0,006999999;0;0,006999999;0,02445468;ON_THE_FLOOR;ON_THE_FLOOR;RESTING_DOWN;RESTING_DOWN;1;0;1;0,01208349;0;0;0,01208349;1,687026;0,8;0;0,05;0,035;0,45;4;SpineMid;Head;20170126T164510;1;29;03_Sc_CWIP_Passthrough;Event;0,1866345;True;0;0;0;0;0,457496;0,4792846;0
70;9,126096;CWIP;Estacionario;0,08453534;0,1160829;0,2250002;0,004672941;0,01084856;0,2250002;0,2189228;0,2250002;0;0;( 1.041f, -0.158f );( 1.087f, 1.549f, -0.237f );0,447;0,434;0,01300001;0;0,01300001;0,01558956;ON_THE_FLOOR;ON_THE_FLOOR;RESTING_DOWN;RESTING_DOWN;1;0;1;0,0241835;0;0;0,0241835;1,709662;0,8;0;0,05;0,035;0,45;4;SpineMid;Head;20170126T164511;1;29;03_Sc_CWIP_Passthrough;Event;0,1160829;True;0;0;0;0;0,4546604;0,4670506;0
71;9,2246;CWIP;Estacionario;0,0738423;0,07639375;0,2250002;0,004672941;0,009180177;0,2250002;0,2205646;0,2250002;0;0;( 1.041f, -0.161f );( 1.081f, 1.562f, -0.241f );0,448;0,431;0,01700002;0;0,01700002;0,01165605;ON_THE_FLOOR;ON_THE_FLOOR;RESTING_DOWN;RESTING_DOWN;1;0;1;0,003163318;0;0;0,003163318;1,724107;0,8;0;0,05;0,035;0,45;4;SpineMid;Head;20170126T164511;1;29;03_Sc_CWIP_Passthrough;Event;0,07639375;True;0;0;0;0;0,4528611;0,4573113;0
72;9,309316;CWIP;Estacionario;0,03715057;0,04801786;0,2250002;0;0,006700095;0,2250002;0,2217629;0,2250002;0;0;( 1.040f, -0.162f );( 1.071f, 1.577f, -0.244f );0,449;0,43;0,01899999;0;0,01899999;0,009955113;ON_THE_FLOOR;ON_THE_FLOOR;RESTING_DOWN;RESTING_DOWN;0;0;0;0,002999991;0;0;0,002999991;1,736547;0,8;0;0,05;0,035;0,45;4;SpineMid;Head;20170126T164511;1;29;03_Sc_CWIP_Passthrough;Event;0,04801786;True;0;0;0;0;0,451818;0,449933;0
73;9,529719;CWIP;Estacionario;0,177979;0,06067021;0;0;0,004890023;0;0,1618523;0;0;0;( 1.034f, -0.160f );( 1.052f, 1.593f, -0.244f );0,457;0,449;0,007999986;0;0,007999986;0,006880181;ON_THE_FLOOR;ON_THE_FLOOR;RESTING_DOWN;RESTING_DOWN;0;0;0;0,001413827;0;0;0,001413827;1,738078;0,8;0;0,05;0,035;0,45;4;SpineMid;Head;20170126T164511;1;29;03_Sc_CWIP_Passthrough;Event;0,06067021;True;0;0;0;0;0,4532179;0,449681;0
74;9,598682;CWIP;Estacionario;0,06441841;0,04501881;0;0;0,003568953;0;0,1181269;0;0;0;( 1.031f, -0.158f );( 1.047f, 1.595f, -0.242f );0,459;0,454;0,004999995;0;0,004999995;0,004650738;ON_THE_FLOOR;ON_THE_FLOOR;RESTING_DOWN;RESTING_DOWN;0;0;0;0,006325049;0;0;0,006325049;1,737512;0,8;0;0,05;0,035;0,45;4;SpineMid;Head;20170126T164511;1;29;03_Sc_CWIP_Passthrough;Event;0,04501881;True;0;0;0;0;0,45478;0,4508478;0
75;9,643018;CWIP;Estacionario;0,1151894;0,04669236;0;0;0,002604778;0;0,08621418;0;0;0;( 1.029f, -0.155f );( 1.041f, 1.595f, -0.239f );0,459;0,458;0,0009999871;0;0,0009999871;0,002674487;ON_THE_FLOOR;ON_THE_FLOOR;RESTING_DOWN;RESTING_DOWN;0;0;0;0,003604174;0;0;0,003604174;1,734391;0,8;0;0,05;0,035;0,45;4;SpineMid;Head;20170126T164511;1;29;03_Sc_CWIP_Passthrough;Event;0,04669236;True;0;0;0;0;0,45592;0,45278;0
76;9,760347;CWIP;Estacionario;0,135628;0,05161373;0;0;0,001901081;0;0,06292288;0;0;0;( 1.025f, -0.151f );( 1.035f, 1.595f, -0.234f );0,46;0,46;0;0;0;0,001424624;ON_THE_FLOOR;ON_THE_FLOOR;RESTING_DOWN;RESTING_DOWN;0;0;0;0,003607064;0;0;0,003607064;1,731511;0,8;0;0,05;0,035;0,45;4;SpineMid;Head;20170126T164511;1;29;03_Sc_CWIP_Passthrough;Event;0,05161373;True;0;0;0;0;0,4570223;0,4547305;0
77;10,04458;CWIP;Estacionario;0,8658597;0,1982163;0;0;0,001387492;0;0,04592388;0;0;0;( 1.004f, -0.119f );( 1.011f, 1.585f, -0.186f );0,462;0,458;0,004000008;0;0,004000008;0,001547546;ON_THE_FLOOR;ON_THE_FLOOR;RESTING_DOWN;RESTING_DOWN;0;0;0;0,005655306;0;0;0,005655306;1,707586;0,8;0;0,05;0,035;0,45;4;SpineMid;Head;20170126T164511;1;29;03_Sc_CWIP_Passthrough;Event;0,1982163;True;0;0;0;0;0,458367;0,4556138;0
78;10,149892;CWIP;Estacionario;0;0,1055843;0;0;0,001012653;0;0,03351726;0;0;0;( 1.004f, -0.119f );( 1.011f, 1.585f, -0.186f );0,462;0,458;0,004000008;0;0,004000008;0,001613023;ON_THE_FLOOR;ON_THE_FLOOR;RESTING_DOWN;RESTING_DOWN;0;0;0;0,03827526;0;0;0,03827526;1,707586;0,8;0;0,05;0,035;0,45;4;SpineMid;Head;20170126T164512;1;29;03_Sc_CWIP_Passthrough;Event;0,1055843;True;0;0;0;0;0,4593485;0,4562584;0
79;10,246831;CWIP;Estacionario;0,446475;0,1442741;0;0;0,0007390782;0;0,02446236;0;0;0;( 0.996f, -0.104f );( 1.006f, 1.580f, -0.165f );0,459;0,45;0,009000003;0;0,009000003;0,00263376;ON_THE_FLOOR;ON_THE_FLOOR;RESTING_DOWN;RESTING_DOWN;0;0;0;0;0;0;0;1,701542;0,8;0;0,05;0,035;0,45;4;SpineMid;Head;20170126T164512;1;29;03_Sc_CWIP_Passthrough;Event;0,1442741;True;0;0;0;0;0,4592544;0,4545677;0
80;10,352832;CWIP;Estacionario;0,04937327;0,08658577;0;0;0,0005394117;0;0,0178537;0;0;0;( 0.995f, -0.102f );( 1.005f, 1.579f, -0.162f );0,459;0,448;0,01099998;0;0,01099998;0,003571816;ON_THE_FLOOR;ON_THE_FLOOR;RESTING_DOWN;RESTING_DOWN;0;0;0;0,01699973;0;0;0,01699973;1,700828;0,8;0;0,05;0,035;0,45;4;SpineMid;Head;20170126T164512;1;29;03_Sc_CWIP_Passthrough;Event;0,08658577;True;0;0;0;0;0,4591856;0,4527934;0
82;10,634561;CWIP;Estacionario;0,06871022;0,05819104;0;0;0,0002873295;0;0,009510166;0;0;0;( 0.988f, -0.090f );( 1.001f, 1.573f, -0.146f );0,454;0,449;0,004999995;0;0,004999995;0,002734518;ON_THE_FLOOR;ON_THE_FLOOR;RESTING_DOWN;RESTING_DOWN;0;0;0;0,01029615;0;0;0,01029615;1,698739;0,8;0;0,05;0,035;0,45;4;SpineMid;Head;20170126T164512;1;29;03_Sc_CWIP_Passthrough;Event;0,05819104;True;0;0;0;0;0,4569594;0,4508235;0
83;10,706718;CWIP;Estacionario;0,0376645;0,03842311;0;0;0,0002097056;0;0,006940936;0;0;0;( 0.987f, -0.088f );( 1.000f, 1.572f, -0.142f );0,452;0,451;0,0009999871;0;0,0009999871;0,001653771;ON_THE_FLOOR;ON_THE_FLOOR;RESTING_DOWN;RESTING_DOWN;0;0;0;0,003604941;0;0;0,003604941;1,700686;0,8;0;0,05;0,035;0,45;4;SpineMid;Head;20170126T164512;1;29;03_Sc_CWIP_Passthrough;Event;0,03842311;True;0;0;0;0;0,4556196;0,4508712;0
84;11,105388;CWIP;Estacionario;0,06984572;0,03423852;0;0;0,0001530523;0;0,005065799;0;0;0;( 0.989f, -0.084f );( 1.005f, 1.573f, -0.135f );0,448;0,46;0;0,01199999;0,01199999;0,01795668;ON_THE_FLOOR;ON_THE_FLOOR;RESTING_DOWN;RESTING_DOWN;0;0;0;0,002235826;0;0;0,002235826;1,706072;0,8;0;0,05;0,035;0,45;4;SpineMid;Head;20170126T164512;1;29;03_Sc_CWIP_Passthrough;Event;0,03423852;True;0;0;0;0;0,4535611;0,4533374;0
85;11,32351;CWIP;Estacionario;0;0,0182379;0;0;0,0001117043;0;0,003697242;0;0;0;( 0.989f, -0.084f );( 1.005f, 1.573f, -0.135f );0,448;0,46;0;0,01199999;0,01199999;0,01193108;ON_THE_FLOOR;ON_THE_FLOOR;RESTING_DOWN;RESTING_DOWN;0;0;0;0,004469941;0;0;0,004469941;1,706072;0,8;0;0,05;0,035;0,45;4;SpineMid;Head;20170126T164513;1;29;03_Sc_CWIP_Passthrough;Event;0,0182379;True;0;0;0;0;0,4520588;0,4551373;0
86;11,385767;CWIP;Estacionario;0,07095836;0,02370581;0;0;8,152669E-05;0;0,002698409;0;0;0;( 0.991f, -0.081f );( 1.008f, 1.576f, -0.132f );0,447;0,467;0;0,02000001;0,02000001;0,01029879;ON_THE_FLOOR;ON_THE_FLOOR;RESTING_DOWN;RESTING_DOWN;0;0;0;3,814697E-06;0;0;3,814697E-06;1,706329;0,8;0;0,05;0,035;0,45;4;SpineMid;Head;20170126T164513;1;29;03_Sc_CWIP_Passthrough;Event;0,02370581;True;0;0;0;0;0,4506921;0,4583421;0
87;11,502721;CWIP;Estacionario;0,01872032;0,01631854;0;0;5,950175E-05;0;0,001969417;0;0;0;( 0.991f, -0.080f );( 1.008f, 1.577f, -0.130f );0,447;0,468;0;0,021;0,021;0,009626484;ON_THE_FLOOR;ON_THE_FLOOR;RESTING_DOWN;RESTING_DOWN;0;0;0;0,003604941;0;0;0,003604941;1,706888;0,8;0;0,05;0,035;0,45;4;SpineMid;Head;20170126T164513;1;29;03_Sc_CWIP_Passthrough;Event;0,01631854;True;0;0;0;0;0,4496947;0,4609512;0
88;11,859266;CWIP;Estacionario;0,3392915;0,07559116;0;0;4,342698E-05;0;0,001437367;0;0;0;( 0.989f, -0.069f );( 0.997f, 1.577f, -0.100f );0,461;0,471;0;0,00999999;0,00999999;0,007099475;ON_THE_FLOOR;ON_THE_FLOOR;RESTING_DOWN;RESTING_DOWN;0;0;0;0,001000002;0;0;0,001000002;1,70058;0,8;0;0,05;0,035;0,45;4;SpineMid;Head;20170126T164513;1;29;03_Sc_CWIP_Passthrough;Event;0,07559116;True;0;0;0;0;0,4527489;0,463666;0
89;11,972843;CWIP;Estacionario;0,1251232;0,06493606;0;0;3,169491E-05;0;0,001049053;0;0;0;( 0.987f, -0.065f );( 0.993f, 1.575f, -0.090f );0,466;0,471;0;0,004999995;0,004999995;0,004767549;ON_THE_FLOOR;ON_THE_FLOOR;RESTING_DOWN;RESTING_DOWN;0;0;0;0,01118083;0;0;0,01118083;1,700055;0,8;0;0,05;0,035;0,45;4;SpineMid;Head;20170126T164513;1;29;03_Sc_CWIP_Passthrough;Event;0,06493606;True;0;0;0;0;0,4563287;0,4656473;0
90;12,089409;CWIP;Estacionario;0,2439084;0,08268148;0;0;2,313234E-05;0;0,000765645;0;0;0;( 0.985f, -0.059f );( 0.983f, 1.573f, -0.072f );0,473;0,469;0,003999978;0;0,003999978;0,018068;ON_THE_FLOOR;ON_THE_FLOOR;RESTING_DOWN;RESTING_DOWN;0;0;0;0,004469941;0;0;0,004469941;1,696569;0,8;0;0,05;0,035;0,45;4;SpineMid;Head;20170126T164513;1;29;03_Sc_CWIP_Passthrough;Event;0,08268148;True;0;0;0;0;0,4608326;0,4665531;0
91;12,308953;CWIP;Estacionario;0,106366;0,06501449;0;0;1,688299E-05;0;0,0005588012;0;0;0;( 0.985f, -0.055f );( 0.978f, 1.570f, -0.062f );0,474;0,466;0,008000016;0;0,008000016;0,01120169;ON_THE_FLOOR;ON_THE_FLOOR;RESTING_DOWN;RESTING_DOWN;0;0;0;0,006325412;0;0;0,006325412;1,695878;0,8;0;0,05;0,035;0,45;4;SpineMid;Head;20170126T164514;1;29;03_Sc_CWIP_Passthrough;Event;0,06501449;True;0;0;0;0;0,4643898;0,4664036;0
92;12,361924;CWIP;Estacionario;0,07270961;0,04896768;0;0;1,232195E-05;0;0,0004078376;0;0;0;( 0.985f, -0.052f );( 0.977f, 1.567f, -0.055f );0,474;0,466;0,008000016;0;0,008000016;0,007544205;ON_THE_FLOOR;ON_THE_FLOOR;RESTING_DOWN;RESTING_DOWN;0;0;0;0,004000001;0;0;0,004000001;1,693349;0,8;0;0,05;0,035;0,45;4;SpineMid;Head;20170126T164514;1;29;03_Sc_CWIP_Passthrough;Event;0,04896768;True;0;0;0;0;0,4669861;0,4662946;0
93;12,407594;CWIP;Estacionario;0,09013955;0,04385669;0;0;8,993096E-06;0;0,0002976577;0;0;0;( 0.986f, -0.049f );( 0.976f, 1.565f, -0.049f );0,472;0,465;0,006999999;0;0,006999999;0,005398789;ON_THE_FLOOR;ON_THE_FLOOR;RESTING_DOWN;RESTING_DOWN;0;0;0;0,002999999;0;0;0,002999999;1,689431;0,8;0;0,05;0,035;0,45;4;SpineMid;Head;20170126T164514;1;29;03_Sc_CWIP_Passthrough;Event;0,04385669;True;0;0;0;0;0,4683406;0,4659449;0
94;12,491222;CWIP;Estacionario;0,03563751;0,03038794;0;0;6,563555E-06;0;0,0002172437;0;0;0;( 0.987f, -0.048f );( 0.977f, 1.564f, -0.046f );0,469;0,465;0,004000008;0;0,004000008;0,003664473;ON_THE_FLOOR;ON_THE_FLOOR;RESTING_DOWN;RESTING_DOWN;0;0;0;0,003162103;0;0;0,003162103;1,686918;0,8;0;0,05;0,035;0,45;4;SpineMid;Head;20170126T164514;1;29;03_Sc_CWIP_Passthrough;Event;0,03038794;True;0;0;0;0;0,4685188;0,4656896;0
95;12,675832;CWIP;Estacionario;0,287194;0,07281338;0;0;4,79037E-06;0;0,0001585539;0;0;0;( 0.992f, -0.041f );( 0.987f, 1.561f, -0.027f );0,463;0,454;0,009000003;0;0,009000003;0,003726509;ON_THE_FLOOR;ON_THE_FLOOR;RESTING_DOWN;RESTING_DOWN;0;0;0;0,001413827;0;0;0,001413827;1,693019;0,8;0;0,05;0,035;0,45;4;SpineMid;Head;20170126T164514;1;29;03_Sc_CWIP_Passthrough;Event;0,07281338;True;0;0;0;0;0,4670278;0,4625316;0
96;12,73168;CWIP;Estacionario;0,2166996;0,0815127;0;0;3,496222E-06;0;0,0001157196;0;0;0;( 0.996f, -0.033f );( 0.992f, 1.559f, -0.016f );0,458;0,447;0,01100001;0;0,01100001;0,004153898;ON_THE_FLOOR;ON_THE_FLOOR;RESTING_DOWN;RESTING_DOWN;0;0;0;0,008602945;0;0;0,008602945;1,712746;0,8;0;0,05;0,035;0,45;4;SpineMid;Head;20170126T164514;1;29;03_Sc_CWIP_Passthrough;Event;0,0815127;True;0;0;0;0;0,4645889;0,4583356;0
97;12,809557;CWIP;Estacionario;0,4017732;0,1226379;0;0;2,551696E-06;0;8,445724E-05;0;0;0;( 1.000f, -0.025f );( 0.995f, 1.555f, -0.005f );0,455;0,442;0,01300001;0;0,01300001;0,004775901;ON_THE_FLOOR;ON_THE_FLOOR;RESTING_DOWN;RESTING_DOWN;0;0;0;0,00894329;0;0;0,00894329;1,734424;0,8;0;0,05;0,035;0,45;4;SpineMid;Head;20170126T164514;1;29;03_Sc_CWIP_Passthrough;Event;0,1226379;True;0;0;0;0;0,4619984;0,4539225;0
98;13,330497;CWIP;Estacionario;0,8374785;0,2304529;0;0;1,862339E-06;0;6,164059E-05;0;0;0;( 0.967f, -0.031f );( 0.998f, 1.554f, 0.035f );0,452;0,429;0,023;0;0,023;0,007078941;ON_THE_FLOOR;ON_THE_FLOOR;RESTING_DOWN;RESTING_DOWN;0;0;0;0,008946704;0;0;0,008946704;1,794411;0,8;0;0,05;0,035;0,45;4;SpineMid;Head;20170126T164515;1;29;03_Sc_CWIP_Passthrough;Event;0,2304529;True;0;0;0;0;0,4592973;0,4471895;0
99;13,50441;CWIP;Estacionario;0,06840519;0,1362434;0;0;1,359217E-06;0;4,4988E-05;0;0;0;( 0.964f, -0.033f );( 0.998f, 1.554f, 0.038f );0,453;0,428;0,02500001;0;0,02500001;0,00870005;ON_THE_FLOOR;ON_THE_FLOOR;RESTING_DOWN;RESTING_DOWN;0;0;0;0,03354195;0;0;0,03354195;1,789103;0,8;0;0,05;0,035;0,45;4;SpineMid;Head;20170126T164515;1;29;03_Sc_CWIP_Passthrough;Event;0,1362434;True;0;0;0;0;0,457596;0,4420053;0
100;13,598528;CWIP;Estacionario;0,05902816;0,08421172;0;0;9,920159E-07;0;3,283421E-05;0;0;0;( 0.962f, -0.034f );( 0.999f, 1.554f, 0.039f );0,453;0,428;0,02500001;0;0,02500001;0,00956357;ON_THE_FLOOR;ON_THE_FLOOR;RESTING_DOWN;RESTING_DOWN;0;0;0;0,003607356;0;0;0,003607356;1,786665;0,8;0;0,05;0,035;0,45;4;SpineMid;Head;20170126T164515;1;29;03_Sc_CWIP_Passthrough;Event;0,08421172;True;0;0;0;0;0,4563544;0,4382217;0
101;14,586277;CWIP;Estacionario;0,6401783;0,1710823;0;0;7,240167E-07;0;2,396385E-05;0;0;0;( 0.961f, -0.051f );( 0.974f, 1.556f, 0.034f );0,454;0,424;0,03;0;0,03;0,0110094;ON_THE_FLOOR;ON_THE_FLOOR;RESTING_DOWN;RESTING_DOWN;0;0;0;0,002238499;0;0;0,002238499;1,714248;0,8;0;0,05;0,035;0,45;4;SpineMid;Head;20170126T164516;1;29;03_Sc_CWIP_Passthrough;Event;0,1710823;True;0;0;0;0;0,4557183;0,4343796;0
103;14,837208;CWIP;Estacionario;0,1606594;0,08776397;0;0;3,856634E-07;0;1,276487E-05;0;0;0;( 0.965f, -0.055f );( 0.969f, 1.559f, 0.017f );0,416;0,444;0;0,028;0,028;0,02722304;ON_THE_FLOOR;ON_THE_FLOOR;RESTING_DOWN;RESTING_DOWN;0;0;0;0,002235823;0;0;0,002235823;1,676895;0,8;0;0,05;0,035;0,45;4;SpineMid;Head;20170126T164516;1;29;03_Sc_CWIP_Passthrough;Event;0,08776397;True;0;0;0;0;0,4424805;0,4361151;0
104;14,903947;CWIP;Estacionario;0,04954651;0,05651858;0,45;0,45;0,1215706;0,45;0,1215796;0,45;0;0;( 0.966f, -0.055f );( 0.969f, 1.558f, 0.014f );0,407;0,45;0;0,04299998;0,04299998;0,02297933;ON_THE_FLOOR;RAISED_UP;RESTING_DOWN;ELEVATING;0;0;0;0,00360418;0;0;0,00360418;1,681746;0,8;0;0,05;0,035;0,45;4;SpineMid;Head;20170126T164516;1;29;03_Sc_CWIP_Passthrough;Event;0,05651858;True;0;2;0;2;0,4328952;0,4398662;0
105;14,968849;CWIP;Estacionario;0,1166302;0,05310205;0,45;0,45;0,2102978;0,45;0,2103044;0,45;0;0;( 0.968f, -0.055f );( 0.970f, 1.557f, 0.014f );0,4;0,454;0;0,05399999;0,05399999;0,02288772;ON_THE_FLOOR;RAISED_UP;RESTING_DOWN;ELEVATING;0;0;0;0,0009994507;0;0;0,0009994507;1,688867;0,8;0;0,05;0,035;0,45;4;SpineMid;Head;20170126T164516;1;29;03_Sc_CWIP_Passthrough;Event;0,05310205;True;0;2;0;2;0,4240084;0,4436845;0
106;15,776031;CWIP;Estacionario;0,8240987;0,190775;0,2341743;0,01834859;0,1584415;0,2341743;0,216753;0,2341743;0;0;( 0.988f, -0.029f );( 0.972f, 1.539f, 0.001f );0,427;0,454;0;0,02700001;0,02700001;0,01751529;ON_THE_FLOOR;RAISED_DOWN;RESTING_DOWN;MAX_REACHED;0;0;0;0,002002716;0;0;0,002002716;1,706042;0,8;0;0,05;0,035;0,45;4;SpineMid;Head;20170126T164517;1;29;03_Sc_CWIP_Passthrough;Event;0,190775;True;0;1;0;3;0,4248166;0,4464713;0
107;16,094485;CWIP;Estacionario;0,120976;0,1254736;0,2341743;0,02821327;0,1232596;0,2341743;0,2214595;0,2341743;0;0;( 0.987f, -0.024f );( 0.986f, 1.507f, 0.067f );0,432;0,45;0;0,01799998;0,01799998;0,01287899;ON_THE_FLOOR;ON_THE_FLOOR;RESTING_DOWN;RESTING_DOWN;1;0;1;0,03280272;0;0;0,03280272;1,685944;0,8;0;0,05;0,035;0,45;4;SpineMid;Head;20170126T164517;1;29;03_Sc_CWIP_Passthrough;Event;0,1254736;True;0;0;0;0;0,4267572;0,4474246;0
108;16,263083;CWIP;Estacionario;0,02274006;0,07131995;0,2341743;0,02821327;0,09758222;0,2341743;0,2248945;0,2341743;0;0;( 0.986f, -0.023f );( 0.984f, 1.500f, 0.084f );0,431;0,449;0;0,01800001;0,01800001;0,01040937;ON_THE_FLOOR;ON_THE_FLOOR;RESTING_DOWN;RESTING_DOWN;1;0;1;0,005098914;0;0;0,005098914;1,683591;0,8;0;0,05;0,035;0,45;4;SpineMid;Head;20170126T164518;1;29;03_Sc_CWIP_Passthrough;Event;0,07131995;True;0;0;0;0;0,4279034;0,4478502;0
109;17,003998;CWIP;Estacionario;2,148975;0,4617075;0,2341743;0;0,07121978;0,2341743;0,2274015;0,2341743;0;0;( 0.919f, -0.159f );( 0.895f, 1.562f, -0.097f );0,414;0,422;0;0,007999986;0,007999986;0,007122152;ON_THE_FLOOR;ON_THE_FLOOR;RESTING_DOWN;RESTING_DOWN;0;0;0;0,001413821;0;0;0,001413821;1,683279;0,8;0;0,05;0,035;0,45;4;SpineMid;Head;20170126T164518;1;29;03_Sc_CWIP_Passthrough;Event;0,4617075;True;0;0;0;0;0,4241473;0,4408666;0
110;17,095426;CWIP;Estacionario;0,7886958;0,4014472;0;0;0,05197931;0;0,1659676;0;0;0;( 0.898f, -0.217f );( 0.869f, 1.558f, -0.166f );0,4;0,401;0;0,0009999871;0,0009999871;0,00399094;ON_THE_FLOOR;ON_THE_FLOOR;RESTING_DOWN;RESTING_DOWN;0;0;0;0,1516103;0;0;0,1516103;1,688269;0,8;0;0,05;0,035;0,45;4;SpineMid;Head;20170126T164518;1;29;03_Sc_CWIP_Passthrough;Event;0,4014472;True;0;0;0;0;0,4176238;0,4300964;0
111;17,289688;CWIP;Direct;2,368012;0,9327269;0;0;0,05197931;0;0,1659676;0;0;0;( 0.857f, -0.340f );( 0.822f, 1.545f, -0.310f );0,369;0,357;0;0;0;0,002912763;ON_THE_FLOOR;ON_THE_FLOOR;RESTING_DOWN;RESTING_DOWN;0;0;0;0;0;0;0,06168335;1,742146;0,8;0;0,05;0,035;0,45;4;SpineMid;Head;20170126T164519;1;29;03_Sc_CWIP_Passthrough;Event;0,9327269;True;0;0;0;0;0,4044878;0,410349;0
112;17,502061;CWIP;Direct;2,400398;1,329227;0;0;0,05197931;0;0,1659676;0;0;0;( 0.831f, -0.430f );( 0.799f, 1.529f, -0.416f );0,347;0,324;0;0;0;0,002125862;ON_THE_FLOOR;ON_THE_FLOOR;RESTING_DOWN;RESTING_DOWN;0;0;0;0;0;0;0,1296547;1,767825;0,8;0;0,05;0,035;0,45;4;SpineMid;Head;20170126T164519;1;29;03_Sc_CWIP_Passthrough;Event;1,329227;True;0;0;0;0;0,3889571;0,3870212;0
113;17,799984;CWIP;Direct;1,743434;1,441128;0;0;0,05197931;0;0,1659676;0;0;0;( 0.827f, -0.465f );( 0.804f, 1.516f, -0.454f );0,338;0,31;0;0;0;0,001551547;ON_THE_FLOOR;ON_THE_FLOOR;RESTING_DOWN;RESTING_DOWN;0;0;0;0;0;0;0,09367952;1,787453;0,8;0;0,05;0,035;0,45;4;SpineMid;Head;20170126T164519;1;29;03_Sc_CWIP_Passthrough;Event;1,441128;True;0;0;0;0;0,3751907;0,3662135;0
115;18,439795;CWIP;Direct;2,114082;1,361478;0;0;0,05197931;0;0,1659676;0;0;0;( 0.853f, -0.417f );( 0.838f, 1.510f, -0.392f );0,349;0,323;0;0;0;0,0008264657;ON_THE_FLOOR;ON_THE_FLOOR;RESTING_DOWN;RESTING_DOWN;0;0;0;0;0;0;0,004241469;1,75931;0,8;0;0,05;0,035;0,45;4;SpineMid;Head;20170126T164520;1;29;03_Sc_CWIP_Passthrough;Event;1,361478;True;0;0;0;0;0,3607822;0,3434554;0
117;19,529051;CWIP;Direct;0,8342535;1,324058;0;0;0,05197931;0;0,1659676;0;0;0;( 0.872f, -0.386f );( 0.908f, 1.518f, -0.343f );0,363;0,344;0;0;0;0,0004402351;ON_THE_FLOOR;ON_THE_FLOOR;RESTING_DOWN;RESTING_DOWN;0;0;0;0;0;0;0,05371266;1,746269;0,8;0;0,05;0,035;0,45;4;SpineMid;Head;20170126T164521;1;29;03_Sc_CWIP_Passthrough;Event;1,324058;True;0;0;0;0;0,3626073;0,3446957;0
118;19,592752;CWIP;Direct;0,8923663;1,207434;0;0;0,05197931;0;0,1659676;0;0;0;( 0.867f, -0.398f );( 0.905f, 1.516f, -0.353f );0,361;0,341;0;0;0;0,0003213028;ON_THE_FLOOR;ON_THE_FLOOR;RESTING_DOWN;RESTING_DOWN;0;0;0;0;0;0;0,01746577;1,755095;0,8;0;0,05;0,035;0,45;4;SpineMid;Head;20170126T164521;1;29;03_Sc_CWIP_Passthrough;Event;1,207434;True;0;0;0;0;0,3621731;0,3436973;0
120;20,049158;CWIP;Estacionario;0,08686774;0,5474792;0;0;0,03793678;0;0,1211304;0;0;0;( 0.855f, -0.410f );( 0.905f, 1.510f, -0.358f );0,36;0,337;0,023;0;0,023;0,01989255;ON_THE_FLOOR;ON_THE_FLOOR;RESTING_DOWN;RESTING_DOWN;0;0;0;0,01581293;0;0;0,01581293;1,766089;0,8;0;0,05;0,035;0,45;4;SpineMid;Head;20170126T164521;1;29;03_Sc_CWIP_Passthrough;Event;0,5474792;True;0;0;0;0;0,3609604;0,3405675;0
121;20,167628;CWIP;Estacionario;0,108281;0,3129768;0;0;0,02768792;0;0,08840626;0;0;0;( 0.854f, -0.406f );( 0.908f, 1.510f, -0.354f );0,361;0,338;0,023;0;0,023;0,01513116;ON_THE_FLOOR;ON_THE_FLOOR;RESTING_DOWN;RESTING_DOWN;0;0;0;0,00316072;0;0;0,00316072;1,767435;0,8;0;0,05;0,035;0,45;4;SpineMid;Head;20170126T164522;1;29;03_Sc_CWIP_Passthrough;Event;0,3129768;True;0;0;0;0;0,3609711;0,3398739;0
123;20,501089;CWIP;Estacionario;0,2299698;0,163062;0;0;0,01474858;0;0,04709154;0;0;0;( 0.855f, -0.392f );( 0.913f, 1.511f, -0.341f );0,364;0,34;0,02399999;0;0,02399999;0,01144107;ON_THE_FLOOR;ON_THE_FLOOR;RESTING_DOWN;RESTING_DOWN;0;0;0;0,005999982;0;0;0,005999982;1,761615;0,8;0;0,05;0,035;0,45;4;SpineMid;Head;20170126T164522;1;29;03_Sc_CWIP_Passthrough;Event;0,163062;True;0;0;0;0;0,3619922;0,3397356;0
124;20,553202;CWIP;Estacionario;0,1283739;0,1121703;0;0;0,01076416;0;0,03436946;0;0;0;( 0.856f, -0.387f );( 0.914f, 1.512f, -0.337f );0,365;0,341;0,02400002;0;0,02400002;0,01082646;ON_THE_FLOOR;ON_THE_FLOOR;RESTING_DOWN;RESTING_DOWN;0;0;0;0,008062679;0;0;0,008062679;1,758931;0,8;0;0,05;0,035;0,45;4;SpineMid;Head;20170126T164522;1;29;03_Sc_CWIP_Passthrough;Event;0,1121703;True;0;0;0;0;0,3628048;0,3400772;0
125;20,636946;CWIP;Estacionario;0,1868971;0,09660082;0;0;0,007856155;0;0,02508434;0;0;0;( 0.857f, -0.380f );( 0.914f, 1.512f, -0.332f );0,366;0,342;0,02399999;0;0,02399999;0,01049908;ON_THE_FLOOR;ON_THE_FLOOR;RESTING_DOWN;RESTING_DOWN;0;0;0;0,005098907;0;0;0,005098907;1,755528;0,8;0;0,05;0,035;0,45;4;SpineMid;Head;20170126T164522;1;29;03_Sc_CWIP_Passthrough;Event;0,09660082;True;0;0;0;0;0,363668;0,3405967;0
126;20,735466;CWIP;Estacionario;0,2176047;0,09436207;0;0;0,005733766;0;0,01830765;0;0;0;( 0.858f, -0.373f );( 0.914f, 1.512f, -0.327f );0,367;0,343;0,02400002;0;0,02400002;0,01032469;ON_THE_FLOOR;ON_THE_FLOOR;RESTING_DOWN;RESTING_DOWN;0;0;0;0,007070989;0;0;0,007070989;1,750628;0,8;0;0,05;0,035;0,45;4;SpineMid;Head;20170126T164522;1;29;03_Sc_CWIP_Passthrough;Event;0,09436207;True;0;0;0;0;0,3645682;0,3412459;0
127;20,798936;CWIP;Estacionario;0,4738426;0,1436924;0;0;0,004184753;0;0,01336172;0;0;0;( 0.860f, -0.364f );( 0.913f, 1.512f, -0.322f );0,368;0,344;0,02399999;0;0,02399999;0,01023179;ON_THE_FLOOR;ON_THE_FLOOR;RESTING_DOWN;RESTING_DOWN;0;0;0;0,007070452;0;0;0,007070452;1,748732;0,8;0;0,05;0,035;0,45;4;SpineMid;Head;20170126T164522;1;29;03_Sc_CWIP_Passthrough;Event;0,1436924;True;0;0;0;0;0,3654953;0,34199;0
128;20,887574;CWIP;Estacionario;0,1101182;0,09825315;0;0;0,003054216;0;0,009751972;0;0;0;( 0.861f, -0.361f );( 0.913f, 1.512f, -0.320f );0,368;0,344;0,02399999;0;0,02399999;0,01018231;ON_THE_FLOOR;ON_THE_FLOOR;RESTING_DOWN;RESTING_DOWN;0;0;0;0,009220137;0;0;0,009220137;1,749259;0,8;0;0,05;0,035;0,45;4;SpineMid;Head;20170126T164522;1;29;03_Sc_CWIP_Passthrough;Event;0,09825315;True;0;0;0;0;0,366172;0,342533;0
129;21,073693;CWIP;Estacionario;0,1782011;0,08747294;0;0;0,002229101;0;0,007117416;0;0;0;( 0.864f, -0.354f );( 0.915f, 1.511f, -0.315f );0,368;0,345;0,023;0;0,023;0,009958785;ON_THE_FLOOR;ON_THE_FLOOR;RESTING_DOWN;RESTING_DOWN;0;0;0;0,003162096;0;0;0,003162096;1,739761;0,8;0;0,05;0,035;0,45;4;SpineMid;Head;20170126T164522;1;29;03_Sc_CWIP_Passthrough;Event;0,08747294;True;0;0;0;0;0,3666658;0,3431995;0
130;21,828265;CWIP;Estacionario;0,9852466;0,2408573;0;0;0,001626895;0;0,005194602;0;0;0;( 0.884f, -0.300f );( 0.884f, 1.521f, -0.252f );0,362;0,344;0,01799998;0;0,01799998;0,008853854;ON_THE_FLOOR;ON_THE_FLOOR;RESTING_DOWN;RESTING_DOWN;0;0;0;0,007615123;0;0;0,007615123;1,759992;0,8;0;0,05;0,035;0,45;4;SpineMid;Head;20170126T164523;1;29;03_Sc_CWIP_Passthrough;Event;0,2408573;True;0;0;0;0;0,3654053;0,3434157;0
131;21,948369;CWIP;Estacionario;0,03427548;0,1350561;0;0;0,001187379;0;0,003791248;0;0;0;( 0.882f, -0.300f );( 0.864f, 1.522f, -0.252f );0,361;0,344;0,01699999;0;0,01699999;0,008068119;ON_THE_FLOOR;ON_THE_FLOOR;RESTING_DOWN;RESTING_DOWN;0;0;0;0,05758487;0;0;0,05758487;1,759117;0,8;0;0,05;0,035;0,45;4;SpineMid;Head;20170126T164523;1;29;03_Sc_CWIP_Passthrough;Event;0,1350561;True;0;0;0;0;0,3642152;0,3435736;0
132;22,011898;CWIP;Estacionario;0,07208802;0,0861543;0;0;0,0008666015;0;0,002767019;0;0;0;( 0.879f, -0.302f );( 0.845f, 1.522f, -0.256f );0,361;0,344;0,01699999;0;0,01699999;0,00764958;ON_THE_FLOOR;ON_THE_FLOOR;RESTING_DOWN;RESTING_DOWN;0;0;0;0,001995087;0;0;0,001995087;1,757854;0,8;0;0,05;0,035;0,45;4;SpineMid;Head;20170126T164523;1;29;03_Sc_CWIP_Passthrough;Event;0,0861543;True;0;0;0;0;0,3633466;0,3436888;0
133;22,126564;CWIP;Estacionario;0,1811969;0,08161891;0;0;0,0006324837;0;0,002019492;0;0;0;( 0.874f, -0.309f );( 0.818f, 1.522f, -0.269f );0,361;0,344;0,01699999;0;0,01699999;0,007426636;ON_THE_FLOOR;ON_THE_FLOOR;RESTING_DOWN;RESTING_DOWN;0;0;0;0,00360734;0;0;0,00360734;1,757599;0,8;0;0,05;0,035;0,45;4;SpineMid;Head;20170126T164524;1;29;03_Sc_CWIP_Passthrough;Event;0,08161891;True;0;0;0;0;0,3627127;0,3437729;0
134;22,41551;CWIP;Estacionario;2,548986;0,5460643;0;0;0,0004616143;0;0,001473913;0;0;0;( 0.921f, -0.185f );( 0.870f, 1.559f, -0.162f );0,391;0,401;0;0,00999999;0,00999999;0,02162965;ON_THE_FLOOR;ON_THE_FLOOR;RESTING_DOWN;RESTING_DOWN;0;0;0;0,008602945;0;0;0,008602945;1,713601;0,8;0;0,05;0,035;0,45;4;SpineMid;Head;20170126T164524;1;29;03_Sc_CWIP_Passthrough;Event;0,5460643;True;0;0;0;0;0,3703547;0,3592331;0
135;22,482894;CWIP;Estacionario;0,8049174;0,4495802;0;0;0,0003369063;0;0,001075726;0;0;0;( 0.935f, -0.148f );( 0.887f, 1.570f, -0.132f );0,4;0,42;0;0,01999998;0,01999998;0,01546494;ON_THE_FLOOR;ON_THE_FLOOR;RESTING_DOWN;RESTING_DOWN;0;0;0;0,1326074;0;0;0,1326074;1,713793;0,8;0;0,05;0,035;0,45;4;SpineMid;Head;20170126T164524;1;29;03_Sc_CWIP_Passthrough;Event;0,4495802;True;0;0;0;0;0,3783635;0,3756497;0
136;22,951839;CWIP;Direct;2,136659;0,905355;0;0;0,0003369063;0;0,001075726;0;0;0;( 0.980f, -0.045f );( 0.950f, 1.604f, -0.051f );0,447;0,479;0;0;0;0,01128699;ON_THE_FLOOR;ON_THE_FLOOR;RESTING_DOWN;RESTING_DOWN;0;0;0;0;0;0;0,03956141;1,770863;0,8;0;0,05;0,035;0,45;4;SpineMid;Head;20170126T164524;1;29;03_Sc_CWIP_Passthrough;Event;0,905355;True;0;0;0;0;0,3969061;0,4035704;0
137;23,249617;CWIP;Estacionario;0,2506571;0,5316797;0;0;0,000245889;0;0,0007851123;0;0;0;( 0.985f, -0.037f );( 0.963f, 1.608f, -0.044f );0,456;0,486;0;0,03;0,03;0,01192742;ON_THE_FLOOR;ON_THE_FLOOR;RESTING_DOWN;RESTING_DOWN;0;0;0;0,1124003;0;0;0,1124003;1,778531;0,8;0;0,05;0,035;0,45;4;SpineMid;Head;20170126T164525;1;29;03_Sc_CWIP_Passthrough;Event;0,5316797;True;0;0;0;0;0,4128707;0,4258393;0
138;23,416725;CWIP;Estacionario;0,2587125;0,3342217;0,45;0,45;0,1217498;0,45;0,1221433;0,45;0;0;( 0.977f, -0.043f );( 0.950f, 1.604f, -0.028f );0,44;0,478;0;0,03799999;0,03799999;0,01384593;ON_THE_FLOOR;RAISED_UP;RESTING_DOWN;ELEVATING;0;0;0;0,009436571;0;0;0,009436571;1,762503;0,8;0;0,05;0,035;0,45;4;SpineMid;Head;20170126T164525;1;29;03_Sc_CWIP_Passthrough;Event;0,3342217;True;0;2;0;2;0,4201998;0,4399308;0
139;28,207572;CWIP;Estacionario;0,8368407;0,3430319;0,2308443;0,01168859;0,09201604;0,2308443;0,1515096;0,2308443;0;0;( 0.987f, 1.158f );( 1.037f, 0.434f, 1.162f );0,051;0,145;0;0,094;0,094;0,02590949;ON_THE_FLOOR;RAISED_DOWN;RESTING_DOWN;MAX_REACHED;0;0;0;0,01000259;0;0;0,01000259;1,448983;0,8;0;0,05;0,035;0,45;4;SpineMid;Head;20170126T164530;1;47;03_Sc_CWIP_Passthrough;Event;0,3430319;True;0;1;0;3;0,3204582;0,3602534;0
141;28,626441;CWIP;Estacionario;0,7437794;0,2873752;0,2308443;0,01168859;0,05447677;0,2308443;0,1885849;0,2308443;0;0;( 0.992f, 1.181f );( 1.043f, 0.452f, 1.181f );0,068;0,157;0;0,089;0,089;0,03456241;ON_THE_FLOOR;RAISED_DOWN;RESTING_DOWN;MAX_REACHED;0;0;0;0,009218541;0;0;0,009218541;1,471566;0,8;0;0,05;0,035;0,45;4;SpineMid;Head;20170126T164530;1;47;03_Sc_CWIP_Passthrough;Event;0,2873752;True;0;1;0;3;0,2003085;0,26369;0
142;28,874688;CWIP;Estacionario;0,2549791;0,2033514;0,2308443;0,01168859;0,04291728;0,2308443;0,2000015;0,2308443;0;0;( 0.990f, 1.177f );( 1.042f, 0.451f, 1.177f );0,067;0,155;0;0,088;0,088;0,03576155;ON_THE_FLOOR;RAISED_DOWN;RESTING_DOWN;MAX_REACHED;0;0;0;0,01431822;0;0;0,01431822;1,478304;0,8;0;0,05;0,035;0,45;4;SpineMid;Head;20170126T164530;1;47;03_Sc_CWIP_Passthrough;Event;0,2033514;True;0;1;0;3;0,1642944;0,2343267;0
143;29,078807;CWIP;Estacionario;0,09666058;0,1273783;0,2308443;0,01168859;0,03448065;0,2308443;0,2083339;0,2308443;0;0;( 0.989f, 1.175f );( 1.041f, 0.449f, 1.175f );0,065;0,154;0;0,089;0,089;0,03659746;ON_THE_FLOOR;RAISED_DOWN;RESTING_DOWN;MAX_REACHED;0;0;0;0,004471599;0;0;0,004471599;1,479303;0,8;0;0,05;0,035;0,45;4;SpineMid;Head;20170126T164530;1;47;03_Sc_CWIP_Passthrough;Event;0,1273783;True;0;1;0;3;0,1374694;0,212626;0
144;29,145815;CWIP;Estacionario;0,1380632;0,09507303;0,2308443;0,01168859;0,02832323;0,2308443;0,2144152;0,2308443;0;0;( 0.988f, 1.172f );( 1.041f, 0.448f, 1.172f );0,064;0,153;0;0,08899999;0,08899999;0,03704274;ON_THE_FLOOR;RAISED_DOWN;RESTING_DOWN;MAX_REACHED;0;0;0;0,002237614;0;0;0,002237614;1,481522;0,8;0;0,05;0,035;0,45;4;SpineMid;Head;20170126T164531;1;47;03_Sc_CWIP_Passthrough;Event;0,09507303;True;0;1;0;3;0,1176212;0,1965176;0
145;29,317857;CWIP;Estacionario;0,08416488;0,06723768;0,2308443;0;0,02067154;0,2308443;0,2188536;0,2308443;0;0;( 0.986f, 1.168f );( 1.039f, 0.445f, 1.168f );0,061;0,15;0;0,089;0,089;0,03727992;ON_THE_FLOOR;ON_THE_FLOOR;RESTING_DOWN;MAX_REACHED;0;0;0;0,003162011;0;0;0,003162011;1,478116;0,8;0;0,05;0,035;0,45;4;SpineMid;Head;20170126T164531;1;47;03_Sc_CWIP_Passthrough;Event;0,06723768;True;0;0;0;3;0,1023246;0,1839506;0
146;29,363875;CWIP;Estacionario;0,119533;0,05938417;0,45;0,45;0,1366573;0,45;0,2812993;0,45;0;0;( 0.985f, 1.164f );( 1.038f, 0.443f, 1.164f );0,059;0,148;0;0,089;0,089;0,03740626;ON_THE_FLOOR;RAISED_UP;RESTING_DOWN;ELEVATING;0;0;0;0,004470001;0;0;0,004470001;1,478832;0,8;0;0,05;0,035;0,45;4;SpineMid;Head;20170126T164531;1;47;03_Sc_CWIP_Passthrough;Event;0,05938417;True;0;2;0;2;0,0906202;0,1742383;0
147;29,465489;CWIP;Estacionario;0,02533432;0,0366275;0,229902;0,009803941;0,1023871;0,229902;0,267414;0,229902;0;0;( 0.985f, 1.163f );( 1.038f, 0.441f, 1.163f );0,057;0,147;0;0,09;0,09;0,03767073;ON_THE_FLOOR;RAISED_DOWN;RESTING_DOWN;MAX_REACHED;0;0;0;0,004123849;0;0;0,004123849;1,475489;0,8;0;0,05;0,035;0,45;4;SpineMid;Head;20170126T164531;1;47;03_Sc_CWIP_Passthrough;Event;0,0366275;True;0;1;0;3;0,0815375;0,1668797;0
148;29,51886;CWIP;Estacionario;0,03364188;0,02614367;0,229902;0,009803941;0,07737516;0,229902;0,2572799;0,229902;0;0;( 0.986f, 1.162f );( 1.039f, 0.440f, 1.163f );0,056;0,147;0;0,091;0,091;0,03800878;ON_THE_FLOOR;RAISED_DOWN;RESTING_DOWN;MAX_REACHED;0;0;0;0,001000047;0;0;0,001000047;1,475721;0,8;0;0,05;0,035;0,45;4;SpineMid;Head;20170126T164531;1;47;03_Sc_CWIP_Passthrough;Event;0,02614367;True;0;1;0;3;0,07463838;0,1615091;0
149;29,615009;CWIP;Estacionario;0,03543478;0,02091274;0,229902;0,009803941;0,05912038;0,229902;0,2498836;0,229902;0;0;( 0.987f, 1.163f );( 1.040f, 0.439f, 1.163f );0,055;0,146;0;0,091;0,091;0,03818885;ON_THE_FLOOR;RAISED_DOWN;RESTING_DOWN;MAX_REACHED;0;0;0;0,001413858;0;0;0,001413858;1,471051;0,8;0;0,05;0,035;0,45;4;SpineMid;Head;20170126T164531;1;47;03_Sc_CWIP_Passthrough;Event;0,02091274;True;0;1;0;3;0,06933295;0,1573192;0
150;29,686415;CWIP;Estacionario;0,01871374;0,01482945;0,229902;0,009803941;0,04579723;0,229902;0,2444854;0,229902;0;0;( 0.988f, 1.163f );( 1.040f, 0.439f, 1.164f );0,055;0,146;0;0,091;0,091;0,03828476;ON_THE_FLOOR;RAISED_DOWN;RESTING_DOWN;MAX_REACHED;0;0;0;0,001416557;0;0;0,001416557;1,472473;0,8;0;0,05;0,035;0,45;4;SpineMid;Head;20170126T164531;1;47;03_Sc_CWIP_Passthrough;Event;0,01482945;True;0;1;0;3;0,06546082;0,1542613;0
151;29,784835;CWIP;Estacionario;0,1207174;0,03170131;0,229902;0,009803941;0,03607342;0,229902;0,2405456;0,229902;0;0;( 0.983f, 1.163f );( 1.037f, 0.437f, 1.163f );0,054;0,143;0;0,089;0,089;0,03794152;ON_THE_FLOOR;RAISED_DOWN;RESTING_DOWN;MAX_REACHED;0;0;0;0,0009994507;0;0;0,0009994507;1,455674;0,8;0;0,05;0,035;0,45;4;SpineMid;Head;20170126T164531;1;47;03_Sc_CWIP_Passthrough;Event;0,03170131;True;0;1;0;3;0,0623646;0,151219;0
152;29,83351;CWIP;Estacionario;0,133574;0,04322344;0,229902;0,009803941;0,02897656;0,229902;0,2376702;0,229902;0;0;( 0.979f, 1.163f );( 1.033f, 0.436f, 1.163f );0,053;0,139;0;0,086;0,086;0,03716716;ON_THE_FLOOR;RAISED_DOWN;RESTING_DOWN;MAX_REACHED;0;0;0;0,005004883;0;0;0,005004883;1,460143;0,8;0;0,05;0,035;0,45;4;SpineMid;Head;20170126T164531;1;47;03_Sc_CWIP_Passthrough;Event;0,04322344;True;0;1;0;3;0,0598347;0,1479179;0
153;29,937914;CWIP;Estacionario;0,08362728;0,03951286;0,229902;0,009803941;0,02379696;0,229902;0,2355715;0,229902;0;0;( 0.976f, 1.163f );( 1.030f, 0.435f, 1.163f );0,052;0,137;0;0,08499999;0,08499999;0,03655751;ON_THE_FLOOR;RAISED_DOWN;RESTING_DOWN;MAX_REACHED;0;0;0;0,003997803;0;0;0,003997803;1,475553;0,8;0;0,05;0,035;0,45;4;SpineMid;Head;20170126T164531;1;47;03_Sc_CWIP_Passthrough;Event;0,03951286;True;0;1;0;3;0,05771811;0,1449684;0
154;29,98377;CWIP;Estacionario;0,06295156;0,03345966;0,229902;0,009803941;0,02001666;0,229902;0,2340399;0,229902;0;0;( 0.974f, 1.163f );( 1.029f, 0.435f, 1.163f );0,052;0,136;0;0,08400001;0,08400001;0,03603559;ON_THE_FLOOR;RAISED_DOWN;RESTING_DOWN;MAX_REACHED;0;0;0;0,003002167;0;0;0,003002167;1,487894;0,8;0;0,05;0,035;0,45;4;SpineMid;Head;20170126T164531;1;47;03_Sc_CWIP_Passthrough;Event;0,03345966;True;0;1;0;3;0,05617332;0,1425455;0
155;30,117982;CWIP;Estacionario;0,03545716;0,02481418;0,229902;0,009803941;0,01725763;0,229902;0,232922;0,229902;0;0;( 0.975f, 1.164f );( 1.030f, 0.436f, 1.164f );0,053;0,135;0;0,082;0,082;0,03536324;ON_THE_FLOOR;RAISED_DOWN;RESTING_DOWN;MAX_REACHED;0;0;0;0,001995087;0;0;0,001995087;1,498541;0,8;0;0,05;0,035;0,45;4;SpineMid;Head;20170126T164532;1;47;03_Sc_CWIP_Passthrough;Event;0,02481418;True;0;1;0;3;0,05531603;0,1405071;0
156;30,219383;CWIP;Estacionario;0,08872686;0,03071225;0,229902;0,009803941;0,01524397;0,229902;0,2321061;0,229902;0;0;( 0.978f, 1.166f );( 1.033f, 0.437f, 1.167f );0,054;0,135;0;0,081;0,081;0,03480792;ON_THE_FLOOR;RAISED_DOWN;RESTING_DOWN;MAX_REACHED;0;0;0;0,001413858;0;0;0,001413858;1,511974;0,8;0;0,05;0,035;0,45;4;SpineMid;Head;20170126T164532;1;47;03_Sc_CWIP_Passthrough;Event;0,03071225;True;0;1;0;3;0,0549605;0,1390193;0
157;30,292041;CWIP;Estacionario;0,05289856;0,02678966;0,229902;0,009803941;0,01377431;0,229902;0,2315107;0,229902;0;0;( 0.980f, 1.168f );( 1.035f, 0.439f, 1.168f );0,055;0,135;0;0,08000001;0,08000001;0,03431495;ON_THE_FLOOR;RAISED_DOWN;RESTING_DOWN;MAX_REACHED;0;0;0;0,003604166;0;0;0,003604166;1,522362;0,8;0;0,05;0,035;0,45;4;SpineMid;Head;20170126T164532;1;47;03_Sc_CWIP_Passthrough;Event;0,02678966;True;0;1;0;3;0,05497117;0,1379335;0
158;30,336237;CWIP;Estacionario;0,08765855;0,0315539;0,229902;0,009803941;0,01270169;0,229902;0,231076;0,229902;0;0;( 0.982f, 1.170f );( 1.037f, 0.440f, 1.170f );0,056;0,136;0;0,08000001;0,08000001;0,03405236;ON_THE_FLOOR;RAISED_DOWN;RESTING_DOWN;MAX_REACHED;0;0;0;0,00283033;0;0;0,00283033;1,526632;0,8;0;0,05;0,035;0,45;4;SpineMid;Head;20170126T164532;1;47;03_Sc_CWIP_Passthrough;Event;0,0315539;True;0;1;0;3;0,05524911;0,1374111;0
159;30,457546;CWIP;Estacionario;0,04779904;0,0262325;0,229902;0,009803941;0,01191885;0,229902;0,2307589;0,229902;0;0;( 0.983f, 1.168f );( 1.038f, 0.440f, 1.168f );0,056;0,136;0;0,08000001;0,08000001;0,03391249;ON_THE_FLOOR;RAISED_DOWN;RESTING_DOWN;MAX_REACHED;0;0;0;0,002827632;0;0;0,002827632;1,525383;0,8;0;0,05;0,035;0,45;4;SpineMid;Head;20170126T164532;1;47;03_Sc_CWIP_Passthrough;Event;0,0262325;True;0;1;0;3;0,05545197;0,1370299;0
160;30,504128;CWIP;Estacionario;0,05828619;0,02546571;0,229902;0;0,008698896;0,229902;0,2305274;0,229902;0;0;( 0.983f, 1.166f );( 1.039f, 0.439f, 1.166f );0,055;0,136;0;0,08100001;0,08100001;0,03403515;ON_THE_FLOOR;ON_THE_FLOOR;RESTING_DOWN;MAX_REACHED;0;0;0;0,002235799;0;0;0,002235799;1,52197;0,8;0;0,05;0,035;0,45;4;SpineMid;Head;20170126T164532;1;47;03_Sc_CWIP_Passthrough;Event;0,02546571;True;0;0;0;3;0,05532987;0,1367517;0
161;30,62146;CWIP;Estacionario;0,0264885;0,01878766;0,45;0,45;0,1279191;0,45;0,2898193;0,45;0;0;( 0.984f, 1.166f );( 1.040f, 0.440f, 1.166f );0,056;0,138;0;0,08199999;0,08199999;0,03429766;ON_THE_FLOOR;RAISED_UP;RESTING_DOWN;ELEVATING;0;0;0;0,001999974;0;0;0,001999974;1,518045;0,8;0;0,05;0,035;0,45;4;SpineMid;Head;20170126T164532;1;47;03_Sc_CWIP_Passthrough;Event;0,01878766;True;0;2;0;2;0,05551091;0,1370889;0
162;30,670658;CWIP;Estacionario;0,06336439;0,02250133;0,2352042;0,02040836;0,09887443;0,2352042;0,2750646;0,2352042;0;0;( 0.986f, 1.165f );( 1.041f, 0.441f, 1.166f );0,057;0,14;0;0,083;0,083;0,03463466;ON_THE_FLOOR;RAISED_DOWN;RESTING_DOWN;MAX_REACHED;0;0;0;0,0009994507;0;0;0,0009994507;1,513886;0,8;0;0,05;0,035;0,45;4;SpineMid;Head;20170126T164532;1;47;03_Sc_CWIP_Passthrough;Event;0,02250133;True;0;1;0;3;0,0559132;0,1378754;0
163;30,722022;CWIP;Estacionario;0,02750618;0,01740927;0,2352042;0,02040836;0,07767633;0,2352042;0,2642961;0,2352042;0;0;( 0.987f, 1.165f );( 1.043f, 0.441f, 1.166f );0,058;0,141;0;0,083;0,083;0,03481418;ON_THE_FLOOR;RAISED_DOWN;RESTING_DOWN;MAX_REACHED;0;0;0;0,002235106;0;0;0,002235106;1,508864;0,8;0;0,05;0,035;0,45;4;SpineMid;Head;20170126T164532;1;47;03_Sc_CWIP_Passthrough;Event;0,01740927;True;0;1;0;3;0,05647696;0,1387195;0
164;30,806146;CWIP;Estacionario;0,02574301;0,01434923;0,2352042;0,02040836;0,06220503;0,2352042;0,2564367;0,2352042;0;0;( 0.988f, 1.165f );( 1.043f, 0.442f, 1.166f );0,059;0,143;0;0,08400001;0,08400001;0,03510697;ON_THE_FLOOR;RAISED_DOWN;RESTING_DOWN;MAX_REACHED;0;0;0;0,001003265;0;0;0,001003265;1,505859;0,8;0;0,05;0,035;0,45;4;SpineMid;Head;20170126T164532;1;47;03_Sc_CWIP_Passthrough;Event;0,01434923;True;0;1;0;3;0,05715857;0,1398759;0
165;31,357531;CWIP;Estacionario;1,536753;0,3106478;0,2352042;0,02040836;0,0509134;0,2352042;0,2507006;0,2352042;0;0;( 0.958f, 1.113f );( 1.011f, 0.402f, 1.114f );0,019;0,12;0;0,101;0,101;0,03861485;ON_THE_FLOOR;RAISED_DOWN;RESTING_DOWN;MAX_REACHED;0;0;0;0,000995636;0;0;0,000995636;1,45666;0,8;0;0,05;0,035;0,45;4;SpineMid;Head;20170126T164533;1;47;03_Sc_CWIP_Passthrough;Event;0,3106478;True;0;1;0;3;0,0468498;0,1345063;0
166;31,525479;CWIP;Estacionario;0,541243;0,2721912;0,2352042;0,02040836;0,04267227;0,2352042;0,2465142;0,2352042;0;0;( 0.964f, 1.134f );( 1.018f, 0.419f, 1.136f );0,035;0,131;0;0,096;0,096;0,03949755;ON_THE_FLOOR;RAISED_DOWN;RESTING_DOWN;MAX_REACHED;0;0;0;0,06003265;0;0;0,06003265;1,47231;0,8;0;0,05;0,035;0,45;4;SpineMid;Head;20170126T164533;1;47;03_Sc_CWIP_Passthrough;Event;0,2721912;True;0;1;0;3;0,0436485;0,133559;0
167;31,646453;CWIP;Estacionario;0,2983069;0,2038063;0,2352042;0,02040836;0,03665754;0,2352042;0,2434587;0,2352042;0;0;( 0.969f, 1.148f );( 1.023f, 0.430f, 1.150f );0,046;0,139;0;0,09299999;0,09299999;0,03937621;ON_THE_FLOOR;RAISED_DOWN;RESTING_DOWN;MAX_REACHED;0;0;0;0,02184038;0;0;0,02184038;1,476686;0,8;0;0,05;0,035;0,45;4;SpineMid;Head;20170126T164533;1;47;03_Sc_CWIP_Passthrough;Event;0,2038063;True;0;1;0;3;0,04428377;0,135029;0
168;31,794707;CWIP;Estacionario;0,5398087;0,214997;0,2352042;0;0,02675428;0,2352042;0,2412287;0,2352042;0;0;( 0.977f, 1.169f );( 1.032f, 0.448f, 1.172f );0,063;0,151;0;0,08799999;0,08799999;0,03832572;ON_THE_FLOOR;ON_THE_FLOOR;RESTING_DOWN;MAX_REACHED;0;0;0;0,0148652;0;0;0,0148652;1,481698;0,8;0;0,05;0,035;0,45;4;SpineMid;Head;20170126T164533;1;47;03_Sc_CWIP_Passthrough;Event;0,214997;True;0;0;0;3;0,04934008;0,1393436;0
169;31,866154;CWIP;Estacionario;0,1818158;0,1503718;0;0;0,01952644;0;0,1760593;0;0;0;( 0.980f, 1.178f );( 1.036f, 0.453f, 1.180f );0,069;0,155;0;0,086;0,086;0,03737182;ON_THE_FLOOR;ON_THE_FLOOR;RESTING_DOWN;MAX_REACHED;0;0;0;0,02247338;0;0;0,02247338;1,480338;0,8;0;0,05;0,035;0,45;4;SpineMid;Head;20170126T164533;1;47;03_Sc_CWIP_Passthrough;Event;0,1503718;True;0;0;0;3;0,05465133;0,1435733;0
170;32,045089;CWIP;Estacionario;0,3067811;0,1405874;0;0;0,01425125;0;0,1284958;0;0;0;( 0.985f, 1.188f );( 1.041f, 0.460f, 1.190f );0,075;0,158;0;0,083;0,083;0,03627218;ON_THE_FLOOR;ON_THE_FLOOR;RESTING_DOWN;MAX_REACHED;0;0;0;0,009487465;0;0;0,009487465;1,476507;0,8;0;0,05;0,035;0,45;4;SpineMid;Head;20170126T164533;1;47;03_Sc_CWIP_Passthrough;Event;0,1405874;True;0;0;0;3;0,06014865;0,1474708;0
171;32,095693;CWIP;Estacionario;0,08759573;0,0921584;0;0;0,01040119;0;0,09378183;0;0;0;( 0.986f, 1.191f );( 1.042f, 0.460f, 1.192f );0,076;0,159;0;0,083;0,083;0,03568644;ON_THE_FLOOR;ON_THE_FLOOR;RESTING_DOWN;MAX_REACHED;0;0;0;0,0111791;0;0;0,0111791;1,474755;0,8;0;0,05;0,035;0,45;4;SpineMid;Head;20170126T164533;1;47;03_Sc_CWIP_Passthrough;Event;0,0921584;True;0;0;0;3;0,06443099;0,1505855;0
172;32,212457;CWIP;Estacionario;0,0221566;0,05345885;0,45;0,45;0,1291615;0,45;0,1900164;0,45;0;0;( 0.986f, 1.190f );( 1.043f, 0.460f, 1.192f );0,076;0,159;0;0,083;0,083;0,03537443;ON_THE_FLOOR;RAISED_UP;RESTING_DOWN;ELEVATING;0;0;0;0,003162124;0;0;0,003162124;1,470402;0,8;0;0,05;0,035;0,45;4;SpineMid;Head;20170126T164534;1;47;03_Sc_CWIP_Passthrough;Event;0,05345885;True;0;2;0;2;0,06755643;0,1528587;0
173;32,26292;CWIP;Estacionario;0,02596762;0,03359611;0,2349999;0,01999974;0,0996708;0,2349999;0,2021689;0,2349999;0;0;( 0.985f, 1.190f );( 1.043f, 0.460f, 1.191f );0,076;0,158;0;0,08200001;0,08200001;0,03501106;ON_THE_FLOOR;RAISED_DOWN;RESTING_DOWN;MAX_REACHED;0;0;0;0,0009999275;0;0;0,0009999275;1,469862;0,8;0;0,05;0,035;0,45;4;SpineMid;Head;20170126T164534;1;47;03_Sc_CWIP_Passthrough;Event;0,03359611;True;0;1;0;3;0,06983751;0,1542477;0
174;32,362949;CWIP;Estacionario;0,07097816;0,0318906;0,2349999;0,01999974;0,07814717;0,2349999;0,2110384;0,2349999;0;0;( 0.985f, 1.188f );( 1.043f, 0.459f, 1.190f );0,074;0,157;0;0,083;0,083;0,03501467;ON_THE_FLOOR;RAISED_DOWN;RESTING_DOWN;MAX_REACHED;0;0;0;0,0009994507;0;0;0,0009994507;1,466387;0,8;0;0,05;0,035;0,45;4;SpineMid;Head;20170126T164534;1;47;03_Sc_CWIP_Passthrough;Event;0,0318906;True;0;1;0;3;0,07096203;0,1549912;0
175;32,414321;CWIP;Estacionario;0,1768113;0,05184943;0,2349999;0,01999974;0,06243828;0,2349999;0,2175118;0,2349999;0;0;( 0.986f, 1.181f );( 1.043f, 0.456f, 1.184f );0,072;0,158;0;0,08600001;0,08600001;0,03560811;ON_THE_FLOOR;RAISED_DOWN;RESTING_DOWN;MAX_REACHED;0;0;0;0,002000097;0;0;0,002000097;1,459527;0,8;0;0,05;0,035;0,45;4;SpineMid;Head;20170126T164534;1;47;03_Sc_CWIP_Passthrough;Event;0,05184943;True;0;1;0;3;0,07124244;0,1558041;0
176;32,618029;CWIP;Estacionario;0,2294856;0,07286684;0,2349999;0,01999974;0,05097324;0,2349999;0,2222363;0,2349999;0;0;( 0.987f, 1.171f );( 1.041f, 0.451f, 1.174f );0,068;0,158;0;0,09;0,09;0,03671291;ON_THE_FLOOR;RAISED_DOWN;RESTING_DOWN;MAX_REACHED;0;0;0;0,00707096;0;0;0,00707096;1,455045;0,8;0;0,05;0,035;0,45;4;SpineMid;Head;20170126T164534;1;47;03_Sc_CWIP_Passthrough;Event;0,07286684;True;0;1;0;3;0,07036648;0,1563973;0
177;32,781442;CWIP;Estacionario;0,2884779;0,09569384;0,2349999;0,01999974;0,04260556;0,2349999;0,2256844;0,2349999;0;0;( 0.991f, 1.161f );( 1.042f, 0.446f, 1.165f );0,063;0,159;0;0,09599999;0,09599999;0,03848443;ON_THE_FLOOR;RAISED_DOWN;RESTING_DOWN;MAX_REACHED;0;0;0;0,01004943;0;0;0,01004943;1,449658;0,8;0;0,05;0,035;0,45;4;SpineMid;Head;20170126T164534;1;47;03_Sc_CWIP_Passthrough;Event;0,09569384;True;0;1;0;3;0,06837638;0,1571004;0
178;32,966422;CWIP;Estacionario;0,2436468;0,09901372;0,2349999;0,01999974;0,03649846;0,2349999;0,2282011;0,2349999;0;0;( 0.992f, 1.153f );( 1.042f, 0.443f, 1.158f );0,059;0,158;0;0,09900001;0,09900001;0,04001959;ON_THE_FLOOR;RAISED_DOWN;RESTING_DOWN;MAX_REACHED;0;0;0;0,01077092;0;0;0,01077092;1,449042;0,8;0;0,05;0,035;0,45;4;SpineMid;Head;20170126T164534;1;47;03_Sc_CWIP_Passthrough;Event;0,09901372;True;0;1;0;3;0,06584329;0,1573435;0
179;33,066121;CWIP;Estacionario;0,04294073;0,06120853;0,2349999;0,01999974;0,03204123;0,2349999;0,2300378;0,2349999;0;0;( 0.992f, 1.152f );( 1.042f, 0.442f, 1.156f );0,058;0,158;0;0,1;0,1;0,0410345;ON_THE_FLOOR;RAISED_DOWN;RESTING_DOWN;MAX_REACHED;0;0;0;0,008062206;0;0;0,008062206;1,450331;0,8;0;0,05;0,035;0,45;4;SpineMid;Head;20170126T164534;1;47;03_Sc_CWIP_Passthrough;Event;0,06120853;True;0;1;0;3;0,06372438;0,1575208;0
180;33,234676;CWIP;Estacionario;0,05943593;0,04432316;0,2349999;0,01999974;0,02878815;0,2349999;0,2313783;0,2349999;0;0;( 0.991f, 1.150f );( 1.041f, 0.441f, 1.155f );0,057;0,158;0;0,101;0,101;0,04177228;ON_THE_FLOOR;RAISED_DOWN;RESTING_DOWN;MAX_REACHED;0;0;0;0,001000047;0;0;0,001000047;1,450776;0,8;0;0,05;0,035;0,45;4;SpineMid;Head;20170126T164535;1;47;03_Sc_CWIP_Passthrough;Event;0,04432316;True;0;1;0;3;0,06190775;0,1576503;0
181;33,335641;CWIP;Estacionario;0;0,02360971;0,2349999;0;0,02101085;0,2349999;0,2323567;0,2349999;0;0;( 0.991f, 1.150f );( 1.040f, 0.441f, 1.155f );0,057;0,158;0;0,101;0,101;0,04216528;ON_THE_FLOOR;ON_THE_FLOOR;RESTING_DOWN;MAX_REACHED;0;0;0;0,002235799;0;0;0,002235799;1,450366;0,8;0;0,05;0,035;0,45;4;SpineMid;Head;20170126T164535;1;47;03_Sc_CWIP_Passthrough;Event;0,02360971;True;0;0;0;3;0,06058189;0,1577448;0
182;33,485503;CWIP;Estacionario;0,03466693;0,01941157;0;0;0,01533464;0;0,1695841;0;0;0;( 0.990f, 1.151f );( 1.039f, 0.441f, 1.156f );0,057;0,157;0;0,1;0,1;0,04217745;ON_THE_FLOOR;ON_THE_FLOOR;RESTING_DOWN;MAX_REACHED;0;0;0;3,814697E-06;0;0;3,814697E-06;1,449986;0,8;0;0,05;0,035;0,45;4;SpineMid;Head;20170126T164535;1;47;03_Sc_CWIP_Passthrough;Event;0,01941157;True;0;0;0;3;0,05961422;0,1575436;0
183;33,586256;CWIP;Estacionario;0,04084171;0,01839283;0,45;0,45;0,1327622;0,45;0,2453402;0,45;0;0;( 0.990f, 1.152f );( 1.039f, 0.441f, 1.157f );0,057;0,157;0;0,1;0,1;0,04218393;ON_THE_FLOOR;RAISED_UP;RESTING_DOWN;ELEVATING;0;0;0;0,001411164;0;0;0,001411164;1,451005;0,8;0;0,05;0,035;0,45;4;SpineMid;Head;20170126T164535;1;47;03_Sc_CWIP_Passthrough;Event;0,01839283;True;0;2;0;2;0,05890797;0,1573967;0
184;33,705941;CWIP;Estacionario;0,02305743;0,01434362;0,2291667;0,008333351;0,09914696;0,2291667;0,2409708;0,2291667;0;0;( 0.990f, 1.153f );( 1.039f, 0.441f, 1.158f );0,057;0,156;0;0,09900001;0,09900001;0,04199021;ON_THE_FLOOR;RAISED_DOWN;RESTING_DOWN;MAX_REACHED;0;0;0;0,0009999275;0;0;0,0009999275;1,452441;0,8;0;0,05;0,035;0,45;4;SpineMid;Head;20170126T164535;1;47;03_Sc_CWIP_Passthrough;Event;0,01434362;True;0;1;0;3;0,05839252;0,1570194;0
185;33,891824;CWIP;Estacionario;0,04437583;0,01639011;0,2291667;0,008333351;0,0746131;0,2291667;0,2377819;0,2291667;0;0;( 0.990f, 1.155f );( 1.039f, 0.440f, 1.159f );0,056;0,156;0;0,1;0,1;0,04208419;ON_THE_FLOOR;RAISED_DOWN;RESTING_DOWN;MAX_REACHED;0;0;0;0,001000054;0;0;0,001000054;1,452496;0,8;0;0,05;0,035;0,45;4;SpineMid;Head;20170126T164535;1;47;03_Sc_CWIP_Passthrough;Event;0,01639011;True;0;1;0;3;0,05774617;0,156744;0
186;34,042819;CWIP;Estacionario;0,08464726;0,02542061;0,2291667;0,008333351;0,05670721;0,2291667;0,2354544;0,2291667;0;0;( 0.991f, 1.159f );( 1.040f, 0.440f, 1.164f );0,057;0,155;0;0,098;0,098;0,04173991;ON_THE_FLOOR;RAISED_DOWN;RESTING_DOWN;MAX_REACHED;0;0;0;0,001999978;0;0;0,001999978;1,455927;0,8;0;0,05;0,035;0,45;4;SpineMid;Head;20170126T164535;1;47;03_Sc_CWIP_Passthrough;Event;0,02542061;True;0;1;0;3;0,05754459;0,1562728;0
187;34,109785;CWIP;Estacionario;0;0,01354084;0,2291667;0,008333351;0,04363871;0,2291667;0,2337557;0,2291667;0;0;( 0.991f, 1.159f );( 1.040f, 0.440f, 1.164f );0,057;0,155;0;0,098;0,098;0,04155652;ON_THE_FLOOR;RAISED_DOWN;RESTING_DOWN;MAX_REACHED;0;0;0;0,004123038;0;0;0,004123038;1,455927;0,8;0;0,05;0,035;0,45;4;SpineMid;Head;20170126T164535;1;47;03_Sc_CWIP_Passthrough;Event;0,01354084;True;0;1;0;3;0,05739746;0,155929;0
188;34,205662;CWIP;Estacionario;0,1935241;0,04537033;0,2291667;0,008333351;0,03410075;0,2291667;0,232516;0,2291667;0;0;( 0.994f, 1.166f );( 1.044f, 0.442f, 1.170f );0,059;0,156;0;0,097;0,097;0,04126166;ON_THE_FLOOR;RAISED_DOWN;RESTING_DOWN;MAX_REACHED;0;0;0;0;0;0;0;1,465032;0,8;0;0,05;0,035;0,45;4;SpineMid;Head;20170126T164536;1;47;03_Sc_CWIP_Passthrough;Event;0,04537033;True;0;1;0;3;0,0578304;0,1559482;0
189;34,32657;CWIP;Estacionario;0,05592031;0,03519341;0,2291667;0,008333351;0,02713953;0,2291667;0,2316111;0,2291667;0;0;( 0.995f, 1.169f );( 1.046f, 0.444f, 1.173f );0,06;0,156;0;0,096;0,096;0,04090742;ON_THE_FLOOR;RAISED_DOWN;RESTING_DOWN;MAX_REACHED;0;0;0;0,007615096;0;0;0,007615096;1,471562;0,8;0;0,05;0,035;0,45;4;SpineMid;Head;20170126T164536;1;47;03_Sc_CWIP_Passthrough;Event;0,03519341;True;0;1;0;3;0,05841653;0,1559622;0
190;34,457447;CWIP;Estacionario;0,1023015;0,03891752;0,2291667;0,008333351;0,02205892;0,2291667;0,2309508;0,2291667;0;0;( 0.997f, 1.174f );( 1.048f, 0.446f, 1.178f );0,062;0,157;0;0,09500001;0,09500001;0,04052156;ON_THE_FLOOR;RAISED_DOWN;RESTING_DOWN;MAX_REACHED;0;0;0;0,003162124;0;0;0,003162124;1,486864;0,8;0;0,05;0,035;0,45;4;SpineMid;Head;20170126T164536;1;47;03_Sc_CWIP_Passthrough;Event;0,03891752;True;0;1;0;3;0,05938463;0,1562425;0
191;34,747191;CWIP;Estacionario;0,01423149;0,02353632;0,2291667;0;0,01609957;0,2291667;0,2304688;0,2291667;0;0;( 0.997f, 1.173f );( 1.049f, 0.445f, 1.177f );0,061;0,156;0;0,095;0,095;0,04031602;ON_THE_FLOOR;ON_THE_FLOOR;RESTING_DOWN;MAX_REACHED;0;0;0;0,005384753;0;0;0,005384753;1,475865;0,8;0;0,05;0,035;0,45;4;SpineMid;Head;20170126T164536;1;47;03_Sc_CWIP_Passthrough;Event;0,02353632;True;0;0;0;3;0,05982103;0,156177;0
192;35,082627;CWIP;Estacionario;0,6960181;0,1497723;0,45;0,45;0,1333205;0,45;0,2897765;0,45;0;0;( 0.958f, 1.190f );( 1.007f, 0.444f, 1.193f );0,059;0,156;0;0,097;0,097;0,04060088;ON_THE_FLOOR;RAISED_UP;RESTING_DOWN;ELEVATING;0;0;0;0,001000047;0;0;0,001000047;1,483247;0,8;0;0,05;0,035;0,45;4;SpineMid;Head;20170126T164536;1;47;03_Sc_CWIP_Passthrough;Event;0,1497723;True;0;2;0;2;0,05959922;0,1561292;0
193;35,168253;CWIP;Estacionario;0,1405286;0,1074878;0,225;0;0,09730311;0,225;0,2722767;0,225;0;0;( 0.949f, 1.193f );( 0.999f, 0.444f, 1.197f );0,06;0,157;0;0,097;0,097;0,04075262;ON_THE_FLOOR;RAISED_DOWN;RESTING_DOWN;MAX_REACHED;0;0;0;0,04253848;0;0;0,04253848;1,475739;0,8;0;0,05;0,035;0,45;4;SpineMid;Head;20170126T164537;1;47;03_Sc_CWIP_Passthrough;Event;0,1074878;True;0;1;0;3;0,0597075;0,1563645;0
194;35,232328;CWIP;Estacionario;0,1575883;0,0883277;0,225;0;0,07101607;0,225;0,2595046;0,225;0;0;( 0.955f, 1.188f );( 1.005f, 0.443f, 1.192f );0,059;0,156;0;0,097;0,097;0,04083345;ON_THE_FLOOR;RAISED_DOWN;RESTING_DOWN;MAX_REACHED;0;0;0;0,009492969;0;0;0,009492969;1,459422;0,8;0;0,05;0,035;0,45;4;SpineMid;Head;20170126T164537;1;47;03_Sc_CWIP_Passthrough;Event;0,0883277;True;0;1;0;3;0,05951636;0,156266;0
196;35,495385;CWIP;Estacionario;0,2154573;0,1379199;0,225;0;0,03782827;0,225;0,2433796;0,225;0;0;( 0.975f, 1.173f );( 1.026f, 0.442f, 1.176f );0,058;0,153;0;0,095;0,095;0,04029503;ON_THE_FLOOR;RAISED_DOWN;RESTING_DOWN;MAX_REACHED;0;0;0;0,0164016;0;0;0,0164016;1,4465;0,8;0;0,05;0,035;0,45;4;SpineMid;Head;20170126T164537;1;47;03_Sc_CWIP_Passthrough;Event;0,1379199;True;0;1;0;3;0,0590049;0,1549369;0
197;35,546522;CWIP;Estacionario;0,2788456;0,1284465;0,225;0;0,02760873;0,225;0,2384143;0,225;0;0;( 0.982f, 1.167f );( 1.032f, 0.442f, 1.171f );0,058;0,153;0;0,095;0,095;0,04019536;ON_THE_FLOOR;RAISED_DOWN;RESTING_DOWN;MAX_REACHED;0;0;0;0,008605402;0;0;0,008605402;1,44782;0,8;0;0,05;0,035;0,45;4;SpineMid;Head;20170126T164537;1;47;03_Sc_CWIP_Passthrough;Event;0,1284465;True;0;1;0;3;0,05873341;0,1544136;0
198;35,631036;CWIP;Estacionario;0,0969305;0,08753183;0,225;0;0,02015006;0,225;0,2347903;0,225;0;0;( 0.985f, 1.165f );( 1.036f, 0.442f, 1.168f );0,058;0,152;0;0,094;0,094;0,03994509;ON_THE_FLOOR;RAISED_DOWN;RESTING_DOWN;MAX_REACHED;0;0;0;0,009219471;0;0;0,009219471;1,452221;0,8;0;0,05;0,035;0,45;4;SpineMid;Head;20170126T164537;1;47;03_Sc_CWIP_Passthrough;Event;0,08753183;True;0;1;0;3;0,05853528;0,1537616;0
199;35,730176;CWIP;Estacionario;0,2706293;0,09998622;0,225;0;0,01470639;0,225;0,2321454;0,225;0;0;( 0.990f, 1.161f );( 1.041f, 0.442f, 1.164f );0,058;0,152;0;0,094;0,094;0,03981178;ON_THE_FLOOR;RAISED_DOWN;RESTING_DOWN;MAX_REACHED;0;0;0;0,003604232;0;0;0,003604232;1,456108;0,8;0;0,05;0,035;0,45;4;SpineMid;Head;20170126T164537;1;47;03_Sc_CWIP_Passthrough;Event;0,09998622;True;0;1;0;3;0,05839067;0,1532857;0
200;35,831141;CWIP;Estacionario;0,1461257;0,08207172;0,225;0;0,01073337;0,225;0,230215;0,225;0;0;( 0.993f, 1.159f );( 1.044f, 0.442f, 1.163f );0,058;0,152;0;0,094;0,094;0,03974077;ON_THE_FLOOR;RAISED_DOWN;RESTING_DOWN;MAX_REACHED;0;0;0;0,006403926;0;0;0,006403926;1,462342;0,8;0;0,05;0,035;0,45;4;SpineMid;Head;20170126T164537;1;47;03_Sc_CWIP_Passthrough;Event;0,08207172;True;0;1;0;3;0,05828513;0,1529383;0
201;35,981231;CWIP;Estacionario;0,04118342;0,05183752;0,225;0;0,007833684;0,225;0,2288062;0,225;0;0;( 0.994f, 1.158f );( 1.046f, 0.442f, 1.161f );0,058;0,152;0;0,094;0,094;0,03970294;ON_THE_FLOOR;RAISED_DOWN;RESTING_DOWN;MAX_REACHED;0;0;0;0,003604166;0;0;0,003604166;1,46823;0,8;0;0,05;0,035;0,45;4;SpineMid;Head;20170126T164537;1;47;03_Sc_CWIP_Passthrough;Event;0,05183752;True;0;1;0;3;0,0582081;0,1526848;0
202;36,684942;CWIP;Estacionario;0,208161;0,06865589;0,225;0;0,005717366;0,225;0,2277779;0,225;0;0;( 0.998f, 1.156f );( 1.049f, 0.441f, 1.159f );0,057;0,15;0;0,09300001;0,09300001;0,03948563;ON_THE_FLOOR;ON_THE_FLOOR;RESTING_DOWN;MAX_REACHED;0;0;0;0,001416557;0;0;0,001416557;1,451593;0,8;0;0,05;0,035;0,45;4;SpineMid;Head;20170126T164538;1;47;03_Sc_CWIP_Passthrough;Event;0,06865589;True;0;0;0;3;0,05788172;0,1519595;0
203;36,852114;CWIP;Estacionario;0;0,03657106;0,45;0,45;0,1257431;0,45;0,2878126;0,45;0;0;( 0.998f, 1.156f );( 1.049f, 0.441f, 1.159f );0,057;0,15;0;0,09300001;0,09300001;0,03936987;ON_THE_FLOOR;RAISED_UP;RESTING_DOWN;ELEVATING;0;0;0;0,004470159;0;0;0,004470159;1,449521;0,8;0;0,05;0,035;0,45;4;SpineMid;Head;20170126T164538;1;47;03_Sc_CWIP_Passthrough;Event;0,03657106;True;0;2;0;2;0,05764352;0,1514301;0
204;37,121331;CWIP;Estacionario;0,05759779;0,03083704;0,2287175;0,007434987;0,09378141;0,2287175;0,2718477;0,2287175;0;0;( 0.996f, 1.155f );( 1.047f, 0.440f, 1.157f );0,056;0,147;0;0,091;0,091;0,03891386;ON_THE_FLOOR;RAISED_DOWN;RESTING_DOWN;MAX_REACHED;0;0;0;0;0;0;0;1,458712;0,8;0;0,05;0,035;0,45;4;SpineMid;Head;20170126T164539;1;47;03_Sc_CWIP_Passthrough;Event;0,03083704;True;0;1;0;3;0,05719951;0,1502333;0
205;37,586703;CWIP;Estacionario;0,2343516;0,06263357;0,2287175;0,007434987;0,07045439;0,2287175;0,2601958;0,2287175;0;0;( 0.992f, 1.157f );( 1.043f, 0.441f, 1.160f );0,057;0,147;0;0,09;0,09;0,03847379;ON_THE_FLOOR;RAISED_DOWN;RESTING_DOWN;MAX_REACHED;0;0;0;0,002238519;0;0;0,002238519;1,479146;0,8;0;0,05;0,035;0,45;4;SpineMid;Head;20170126T164539;1;47;03_Sc_CWIP_Passthrough;Event;0,06263357;True;0;1;0;3;0,05714561;0,1493598;0
206;38,393544;CWIP;Estacionario;0,7299268;0,1772841;0,2287175;0;0,0514207;0,2287175;0,2516917;0,2287175;0;0;( 0.986f, 1.181f );( 1.038f, 0.457f, 1.184f );0,073;0,162;0;0,089;0,089;0,0380422;ON_THE_FLOOR;ON_THE_FLOOR;RESTING_DOWN;MAX_REACHED;0;0;0;0,004470159;0;0;0,004470159;1,478869;0,8;0;0,05;0,035;0,45;4;SpineMid;Head;20170126T164540;1;47;03_Sc_CWIP_Passthrough;Event;0,1772841;True;0;0;0;3;0,06142877;0,1527746;0
207;38,72933;CWIP;Estacionario;0,5514128;0,2031574;0,45;0,45;0,1590994;0,45;0,3052659;0,45;0;0;( 0.996f, 1.168f );( 1.048f, 0.443f, 1.171f );0,059;0,149;0;0,09;0,09;0,03800948;ON_THE_FLOOR;RAISED_UP;RESTING_DOWN;ELEVATING;0;0;0;0,02473881;0;0;0,02473881;1,472959;0,8;0;0,05;0,035;0,45;4;SpineMid;Head;20170126T164540;1;47;03_Sc_CWIP_Passthrough;Event;0,2031574;True;0;2;0;2;0,06077263;0,1517549;0
