Registo;Numero Final;Nome Nivel;Real World Assistance;Tempo Absoluto (Segundos);Tempo Entre Logs (Segundos);Tempo;FPS;Delta Body;Estado;Player Position;Previous Player Position;Camera Position;Main Joint Position;Previous Main Joint Position;Objectivo Position;Deslc. Player Total;Deslc. Player Directo;Deslc. Player WIP;Deslc. Player Estacionario;Deslc. Joint Total;Deslc. Joint Directo;Deslc. Joint WIP;Deslc. Joint Estacionario;Dist Objectivo Total;Dist Objectivo Directo;Dist Objectivo WIP;Dist Objectivo Estacionario;Vel. Real (Directa);Vel. Virtual (WIP);Vel. Virtual in Use (WIP);Threshold de Velocidade Directa;Is Force To Stop;Count Times Force To Stop ;Left Hand State ;Right Hand State ;Num Colicoes (Objectos do Mundo Virtual);Num Embates (Indicadores de Obstaculos);Raio Embate;Raio Perigo;Raio Aviso;Raio Pre-Aviso;Indicator (Indicator Limit 0) Distance;Indicator (Indicator Limit 0) State;Indicator (Indicator Limit 0) Count Embate;Indicator (Indicator Limit 1) Distance;Indicator (Indicator Limit 1) State;Indicator (Indicator Limit 1) Count Embate;Indicator (Indicator Limit 2) Distance;Indicator (Indicator Limit 2) State;Indicator (Indicator Limit 2) Count Embate;Indicator (Indicator Limit 3) Distance;Indicator (Indicator Limit 3) State;Indicator (Indicator Limit 3) Count Embate;Indicator (Indicator Obstacle 4) Distance;Indicator (Indicator Obstacle 4) State;Indicator (Indicator Obstacle 4) Count Embate;Indicator (Indicator Obstacle 5) Distance;Indicator (Indicator Obstacle 5) State;Indicator (Indicator Obstacle 5) Count Embate;Total Embate (via dist indicadores);Id;Iniciado;Extra (*)
2;6;02_Sc_CWIP_AVR;AVR;0,221409;0,043265;20170327T130358;174,4693;0;Estacionario;(0.001,1.650,0.000);(0.000,1.650,0.000);(-0.036,1.129,-0.078);(2.238,0.870,-0.535);(2.238,0.870,-0.534);(20.266,0.500,-20.000);0,0009994507;0;0;0,0009994507;0,001000047;0;0;0,001000047;28,47227;0;0;28,47227;0,008995917;0,1391509;0;0,8;False;0;Unknown;Unknown;0;1;0,1;0,4;0,8;1,2;0,7359998;Warning;0;3,736;Normal;0;2,084;Normal;0;0,916;PreWarning;0;2,969402;Normal;0;2,651881;Normal;0;0;1;False;NULL
3;6;02_Sc_CWIP_AVR;AVR;0,322105;0,100696;20170327T130358;115,0079;0;Estacionario;(0.001,1.650,-0.001);(0.001,1.650,0.000);(-0.025,1.143,-0.050);(2.237,0.867,-0.534);(2.238,0.870,-0.535);(20.266,0.500,-20.000);0,001000047;0;0;0,001000047;0,001414195;0;0;0,001414195;28,47157;0;0;28,47157;0,01416704;0,1391509;0;0,8;False;0;Unknown;Unknown;0;1;0,1;0,4;0,8;1,2;0,7919998;Warning;0;3,792;Normal;0;2,158;Normal;0;0,8419999;PreWarning;0;3,051933;Normal;0;2,70116;Normal;0;0;1;False;NULL
5;6;02_Sc_CWIP_AVR;AVR;0,422658;0,067159;20170327T130358;92,12039;0;Estacionario;(0.001,1.650,0.000);(0.000,1.650,0.000);(-0.010,1.174,-0.010);(2.238,0.871,-0.534);(2.238,0.871,-0.534);(20.266,0.500,-20.000);0,0009994507;0;0;0,0009994507;0;0;0;0;28,47227;0;0;28,47227;0,008447271;0,1391509;0;0,8;False;0;Unknown;Unknown;0;1;0,1;0,4;0,8;1,2;0,7359998;Warning;0;3,736;Normal;0;2,084;Normal;0;0,916;PreWarning;0;2,969402;Normal;0;2,651881;Normal;0;0;1;False;NULL
6;6;02_Sc_CWIP_AVR;AVR;0,507111;0,084453;20170327T130358;80,44907;0;Estacionario;(0.001,1.650,0.000);(0.001,1.650,0.000);(-0.001,1.168,-0.015);(2.238,0.871,-0.533);(2.238,0.871,-0.534);(20.266,0.500,-20.000);0;0;0;0;0,0009999871;0;0;0,0009999871;28,47227;0;0;28,47227;0,01136033;0,1391509;0;0,8;False;0;Unknown;Unknown;0;1;0,1;0,4;0,8;1,2;0,7919998;Warning;0;3,792;Normal;0;2,157;Normal;0;0,843;PreWarning;0;3,051494;Normal;0;2,701236;Normal;0;0;1;False;NULL
7;6;02_Sc_CWIP_AVR;AVR;0,539731;0,03262;20170327T130358;77,79759;0;Estacionario;(0.001,1.650,0.001);(0.001,1.650,0.000);(-0.004,1.178,0.002);(2.237,0.868,-0.534);(2.238,0.871,-0.533);(20.266,0.500,-20.000);0,0009999871;0;0;0,0009999871;0,001414153;0;0;0,001414153;28,47297;0;0;28,47297;0,01609756;0,1391509;0;0,8;False;0;Unknown;Unknown;0;1;0,1;0,4;0,8;1,2;0,7919998;Warning;0;3,792;Normal;0;2,156;Normal;0;0,844;PreWarning;0;3,051056;Normal;0;2,701312;Normal;0;0;1;False;NULL
8;6;02_Sc_CWIP_AVR;AVR;0,606994;0,067263;20170327T130358;72,00908;0;Estacionario;(0.000,1.650,0.000);(0.001,1.650,0.001);(-0.028,1.135,-0.097);(2.238,0.869,-0.531);(2.237,0.868,-0.534);(20.266,0.500,-20.000);0,001413816;0;0;0,001413816;0,003162218;0;0;0,003162218;28,47298;0;0;28,47298;0,03282355;0,1391509;0;0,8;False;0;Unknown;Unknown;0;1;0,1;0,4;0,8;1,2;0,7909999;Warning;0;3,791;Normal;0;2,157;Normal;0;0,843;PreWarning;0;3,050596;Normal;0;2,700239;Normal;0;0;1;False;NULL
9;6;02_Sc_CWIP_AVR;AVR;0,640234;0,03324;20170327T130358;70,59609;0;Estacionario;(0.001,1.650,0.003);(0.000,1.650,0.000);(-0.004,1.202,0.045);(2.238,0.870,-0.534);(2.238,0.869,-0.531);(20.266,0.500,-20.000);0,003162067;0;0;0,003162067;0,002999961;0;0;0,002999961;28,47438;0;0;28,47438;0,03821272;0,1391509;0;0,8;False;0;Unknown;Unknown;0;1;0,1;0,4;0,8;1,2;0,7359998;Warning;0;3,736;Normal;0;2,081;Normal;0;0,919;PreWarning;0;2,96812;Normal;0;2,652183;Normal;0;0;1;False;NULL
10;6;02_Sc_CWIP_AVR;AVR;0,740898;0,100664;20170327T130358;66,55405;0;Estacionario;(0.001,1.650,0.000);(0.001,1.650,0.003);(-0.036,1.129,-0.078);(2.238,0.871,-0.534);(2.238,0.870,-0.534);(20.266,0.500,-20.000);0,002999961;0;0;0,002999961;0;0;0;0;28,47227;0;0;28,47227;0,02035482;0,1391509;0;0,8;False;0;Unknown;Unknown;0;1;0,1;0,4;0,8;1,2;0,7919998;Warning;0;3,792;Normal;0;2,157;Normal;0;0,843;PreWarning;0;3,051494;Normal;0;2,701236;Normal;0;0;1;False;NULL
11;6;02_Sc_CWIP_AVR;AVR;0,824769;0,083871;20170327T130358;64,64053;0;Estacionario;(0.001,1.650,0.000);(0.001,1.650,0.000);(-0.026,1.147,-0.053);(2.238,0.868,-0.530);(2.238,0.871,-0.534);(20.266,0.500,-20.000);0;0;0;0;0,004000008;0;0;0,004000008;28,47227;0;0;28,47227;0,04752054;0,1391509;0;0,8;False;0;Unknown;Unknown;0;1;0,1;0,4;0,8;1,2;0,7919998;Warning;0;3,792;Normal;0;2,157;Normal;0;0,843;PreWarning;0;3,051494;Normal;0;2,701236;Normal;0;0;1;False;NULL
13;6;02_Sc_CWIP_AVR;AVR;0,94477;0,086683;20170327T130358;62,96576;0;Estacionario;(0.001,1.650,0.000);(0.001,1.650,0.004);(-0.010,1.174,-0.010);(2.238,0.867,-0.531);(2.238,0.871,-0.534);(20.266,0.500,-20.000);0,004000008;0;0;0,004000008;0,002999961;0;0;0,002999961;28,47227;0;0;28,47227;0,04712418;0,1391509;0;0,8;False;0;Unknown;Unknown;0;1;0,1;0,4;0,8;1,2;0,7919998;Warning;0;3,792;Normal;0;2,157;Normal;0;0,843;PreWarning;0;3,051494;Normal;0;2,701236;Normal;0;0;1;False;NULL
14;6;02_Sc_CWIP_AVR;AVR;1,028886;0,084116;20170327T130358;62,13346;0;Estacionario;(0.001,1.650,0.003);(0.001,1.650,0.000);(0.000,1.219,0.028);(2.238,0.867,-0.531);(2.238,0.867,-0.531);(20.266,0.500,-20.000);0,002999961;0;0;0,002999961;0;0;0;0;28,47438;0;0;28,47438;0,02510173;0,1391509;0;0,8;False;0;Unknown;Unknown;0;1;0,1;0,4;0,8;1,2;0,7919998;Warning;0;3,792;Normal;0;2,154;Normal;0;0,846;PreWarning;0;3,05018;Normal;0;2,701465;Normal;0;0;1;False;NULL
15;6;02_Sc_CWIP_AVR;AVR;1,109342;0,080456;20170327T130359;61,38285;0;Estacionario;(0.001,1.650,0.003);(0.001,1.650,0.003);(-0.005,1.219,0.029);(2.238,0.869,-0.531);(2.238,0.867,-0.531);(20.266,0.500,-20.000);3,814697E-06;0;0;3,814697E-06;0;0;0;0;28,47438;0;0;28,47438;0,01337099;0,1391509;0;0,8;False;0;Unknown;Unknown;0;1;0,1;0,4;0,8;1,2;0,7359998;Warning;0;3,736;Normal;0;2,081;Normal;0;0,919;PreWarning;0;2,96812;Normal;0;2,652183;Normal;0;0;1;False;NULL
16;6;02_Sc_CWIP_AVR;AVR;1,142928;0,033586;20170327T130359;61,2417;0;Estacionario;(0.001,1.650,0.003);(0.001,1.650,0.003);(-0.004,1.202,0.045);(2.239,0.867,-0.530);(2.238,0.869,-0.531);(20.266,0.500,-20.000);3,814697E-06;0;0;3,814697E-06;0,001414364;0;0;0,001414364;28,47438;0;0;28,47438;0,01770014;0,1391509;0;0,8;False;0;Unknown;Unknown;0;1;0,1;0,4;0,8;1,2;0,7919998;Warning;0;3,792;Normal;0;2,154;Normal;0;0,846;PreWarning;0;3,05018;Normal;0;2,701465;Normal;0;0;1;False;NULL
17;6;02_Sc_CWIP_AVR;AVR;1,243593;0,100665;20170327T130359;60,80892;0;Estacionario;(0.002,1.650,0.004);(0.001,1.650,0.003);(-0.004,1.214,0.050);(2.238,0.866,-0.533);(2.239,0.867,-0.530);(20.266,0.500,-20.000);0,001413858;0;0;0,001413858;0,00316235;0;0;0,00316235;28,47437;0;0;28,47437;0,03189212;0,1391509;0;0,8;False;0;Unknown;Unknown;0;1;0,1;0,4;0,8;1,2;0,737;Warning;0;3,737;Normal;0;2,08;Normal;0;0,92;PreWarning;0;2,968597;Normal;0;2,653279;Normal;0;0;1;False;NULL
18;6;02_Sc_CWIP_AVR;AVR;1,327016;0,083423;20170327T130359;60,58755;0;Estacionario;(0.001,1.650,0.001);(0.002,1.650,0.004);(-0.041,1.182,-0.035);(2.237,0.867,-0.535);(2.238,0.866,-0.533);(20.266,0.500,-20.000);0,003162124;0;0;0,003162124;0,002236066;0;0;0,002236066;28,47297;0;0;28,47297;0,0360461;0,25;0;0,8;False;0;Unknown;Unknown;0;1;0,1;0,4;0,8;1,2;0,7359998;Warning;0;3,736;Normal;0;2,083;Normal;0;0,917;PreWarning;0;2,968974;Normal;0;2,651981;Normal;0;0;1;False;NULL
19;6;02_Sc_CWIP_AVR;AVR;1,427823;0,100807;20170327T130359;60,34555;0;Estacionario;(0.000,1.650,-0.001);(0.001,1.650,0.001);(-0.055,1.189,-0.023);(2.237,0.867,-0.535);(2.237,0.867,-0.535);(20.266,0.500,-20.000);0,002235853;0;0;0,002235853;0;0;0;0;28,47228;0;0;28,47228;0,01920075;0,1449999;0;0,8;False;0;Unknown;Unknown;0;1;0,1;0,4;0,8;1,2;0,7909999;Warning;0;3,791;Normal;0;2,158;Normal;0;0,8419999;PreWarning;0;3,051034;Normal;0;2,700163;Normal;0;0;1;False;NULL
20;6;02_Sc_CWIP_AVR;AVR;1,528266;0,100443;20170327T130359;60,20357;0;Estacionario;(0.000,1.650,-0.001);(0.000,1.650,-0.001);(-0.013,1.201,-0.012);(2.239,0.868,-0.534);(2.237,0.867,-0.535);(20.266,0.500,-20.000);0;0;0;0;0,002236173;0;0;0,002236173;28,47228;0;0;28,47228;0,02590228;0,1449999;0;0,8;False;0;Unknown;Unknown;0;1;0,1;0,4;0,8;1,2;0,7349999;Warning;0;3,735;Normal;0;2,085;Normal;0;0,915;PreWarning;0;2,968926;Normal;0;2,650785;Normal;0;0;1;False;NULL
21;6;02_Sc_CWIP_AVR;AVR;1,561452;0,033186;20170327T130359;60,18315;0;Estacionario;(0.002,1.650,0.000);(0.000,1.650,-0.001);(0.002,1.210,-0.006);(2.238,0.867,-0.535);(2.239,0.868,-0.534);(20.266,0.500,-20.000);0,002238519;0;0;0,002238519;0,001414364;0;0;0,001414364;28,47156;0;0;28,47156;0,02449285;0,1449999;0;0,8;False;0;Unknown;Unknown;0;1;0,1;0,4;0,8;1,2;0,737;Warning;0;3,737;Normal;0;2,084;Normal;0;0,916;PreWarning;0;2,970306;Normal;0;2,652876;Normal;0;0;1;False;NULL
22;6;02_Sc_CWIP_AVR;AVR;1,645251;0,083799;20170327T130359;60,12003;0;Estacionario;(0.001,1.650,-0.001);(0.002,1.650,0.000);(-0.021,1.196,-0.028);(2.240,0.868,-0.533);(2.238,0.867,-0.535);(20.266,0.500,-20.000);0,001416557;0;0;0,001416557;0,002828517;0;0;0,002828517;28,47157;0;0;28,47157;0,0363835;0,1449999;0;0,8;False;0;Unknown;Unknown;0;1;0,1;0,4;0,8;1,2;0,7919998;Warning;0;3,792;Normal;0;2,158;Normal;0;0,8419999;PreWarning;0;3,051933;Normal;0;2,70116;Normal;0;0;1;False;NULL
23;6;02_Sc_CWIP_AVR;AVR;1,745998;0,100747;20170327T130359;60,07082;0;Estacionario;(0.003,1.650,0.001);(0.001,1.650,-0.001);(0.032,1.212,0.007);(2.239,0.867,-0.534);(2.240,0.868,-0.533);(20.266,0.500,-20.000);0,002827674;0;0;0,002827674;0,001414153;0;0;0,001414153;28,47155;0;0;28,47155;0,03141669;0,1449999;0;0,8;False;0;Unknown;Unknown;0;1;0,1;0,4;0,8;1,2;0,7379999;Warning;0;3,738;Normal;0;2,083;Normal;0;0,917;PreWarning;0;2,970783;Normal;0;2,653971;Normal;0;0;1;False;NULL
24;6;02_Sc_CWIP_AVR;AVR;1,830478;0,08448;20170327T130359;60,04179;0;Estacionario;(0.002,1.650,0.000);(0.003,1.650,0.001);(0.014,1.205,-0.008);(2.239,0.868,-0.534);(2.239,0.867,-0.534);(20.266,0.500,-20.000);0,001413816;0;0;0,001413816;0;0;0;0;28,47156;0;0;28,47156;0,01673479;0,1449999;0;0,8;False;0;Unknown;Unknown;0;1;0,1;0,4;0,8;1,2;0,793;Warning;0;3,793;Normal;0;2,157;Normal;0;0,843;PreWarning;0;3,052393;Normal;0;2,702233;Normal;0;0;1;False;NULL
25;6;02_Sc_CWIP_AVR;AVR;1,863325;0,032847;20170327T130359;60,03761;0;Estacionario;(0.002,1.650,0.000);(0.002,1.650,0.000);(0.018,1.209,-0.011);(2.239,0.868,-0.534);(2.239,0.868,-0.534);(20.266,0.500,-20.000);0;0;0;0;0;0;0;0;28,47156;0;0;28,47156;0,008914154;0,1449999;0;0,8;False;0;Unknown;Unknown;0;1;0,1;0,4;0,8;1,2;0,793;Warning;0;3,793;Normal;0;2,157;Normal;0;0,843;PreWarning;0;3,052393;Normal;0;2,702233;Normal;0;0;1;False;NULL
26;6;02_Sc_CWIP_AVR;AVR;1,946836;0,083511;20170327T130359;60,02466;0;Estacionario;(0.002,1.650,0.000);(0.002,1.650,0.000);(0.018,1.209,-0.011);(2.236,0.866,-0.535);(2.239,0.868,-0.534);(20.266,0.500,-20.000);0;0;0;0;0,003162312;0;0;0,003162312;28,47156;0;0;28,47156;0,03042233;0,1449999;0;0,8;False;0;Unknown;Unknown;0;1;0,1;0,4;0,8;1,2;0,793;Warning;0;3,793;Normal;0;2,157;Normal;0;0,843;PreWarning;0;3,052393;Normal;0;2,702233;Normal;0;0;1;False;NULL
27;6;02_Sc_CWIP_AVR;AVR;2,03139;0,084554;20170327T130359;60,01456;0;Estacionario;(-0.001,1.650,-0.001);(0.002,1.650,0.000);(-0.064,1.201,-0.105);(2.237,0.867,-0.535);(2.236,0.866,-0.535);(20.266,0.500,-20.000);0,003160729;0;0;0,003160729;0,0009999275;0;0;0,0009999275;28,47299;0;0;28,47299;0,03213575;0,1449999;0;0,8;False;0;Unknown;Unknown;0;1;0,1;0,4;0,8;1,2;0,734;Warning;0;3,734;Normal;0;2,085;Normal;0;0,915;PreWarning;0;2,968022;Normal;0;2,649791;Normal;0;0;1;False;NULL
28;6;02_Sc_CWIP_AVR;AVR;2,047403;0,016013;20170327T130359;60,0131;0;Estacionario;(0.000,1.650,-0.001);(-0.001,1.650,-0.001);(-0.035,1.200,-0.072);(2.239,0.867,-0.534);(2.237,0.867,-0.535);(20.266,0.500,-20.000);0,0009994507;0;0;0,0009994507;0,002236173;0;0;0,002236173;28,47228;0;0;28,47228;0,05596111;0,1449999;0;0,8;False;0;Unknown;Unknown;0;1;0,1;0,4;0,8;1,2;0,7909999;Warning;0;3,791;Normal;0;2,158;Normal;0;0,8419999;PreWarning;0;3,051034;Normal;0;2,700163;Normal;0;0;1;False;NULL
29;6;02_Sc_CWIP_AVR;AVR;2,148099;0,100696;20170327T130400;60,00774;0;Estacionario;(0.002,1.650,0.000);(0.000,1.650,-0.001);(-0.009,1.216,-0.040);(2.233,0.863,-0.537);(2.239,0.867,-0.534);(20.266,0.500,-20.000);0,002235106;0;0;0,002235106;0,006708251;0;0;0,006708251;28,47156;0;0;28,47156;0,08026585;0,1449999;0;0,8;False;0;Unknown;Unknown;0;1;0,1;0,4;0,8;1,2;0,737;Warning;0;3,737;Normal;0;2,084;Normal;0;0,916;PreWarning;0;2,970306;Normal;0;2,652876;Normal;0;0;1;False;NULL
30;6;02_Sc_CWIP_AVR;AVR;2,231961;0,083862;20170327T130400;60,00456;0;Estacionario;(-0.004,1.650,-0.003);(0.002,1.650,0.000);(-0.084,1.121,-0.103);(2.237,0.867,-0.535);(2.233,0.863,-0.537);(20.266,0.500,-20.000);0,006705265;0;0;0,006705265;0,004472078;0;0;0,004472078;28,47372;0;0;28,47372;0,1071462;0,1449999;0;0,8;False;0;Unknown;Unknown;0;1;0,1;0,4;0,8;1,2;0,7869999;Warning;0;3,787;Normal;0;2,16;Normal;0;0,84;PreWarning;0;3,048319;Normal;0;2,696024;Normal;0;0;1;False;NULL
31;6;02_Sc_CWIP_AVR;AVR;2,265349;0,033388;20170327T130400;60,00411;0;Estacionario;(0.000,1.650,-0.001);(-0.004,1.650,-0.003);(-0.035,1.200,-0.072);(2.221,0.851,-0.545);(2.237,0.867,-0.535);(20.266,0.500,-20.000);0,004470159;0;0;0,004470159;0,01886798;0;0;0,01886798;28,47228;0;0;28,47228;0,1958781;0,1449999;0;0,8;False;0;Unknown;Unknown;0;1;0,1;0,4;0,8;1,2;0,7909999;Warning;0;3,791;Normal;0;2,158;Normal;0;0,8419999;PreWarning;0;3,051034;Normal;0;2,700163;Normal;0;0;1;False;NULL
32;6;02_Sc_CWIP_AVR;AVR;2,333154;0,067805;20170327T130400;60,00269;0;Estacionario;(-0.016,1.650,-0.011);(0.000,1.650,-0.001);(-0.141,1.082,-0.121);(2.219,0.850,-0.546);(2.221,0.851,-0.545);(20.266,0.500,-20.000);0,01887021;0;0;0,01887021;0,002235933;0;0;0,002235933;28,47665;0;0;28,47665;0,1400362;0,1449999;0;0,8;False;0;Unknown;Unknown;0;1;0,1;0,4;0,8;1,2;0,7189999;Warning;0;3,719;Normal;0;2,095;Normal;0;0,905;PreWarning;0;2,958784;Normal;0;2,633877;Normal;0;0;1;False;NULL
33;6;02_Sc_CWIP_AVR;AVR;2,349102;0,015948;20170327T130400;60,00243;0;Estacionario;(-0.018,1.650,-0.012);(-0.016,1.650,-0.011);(-0.119,1.113,-0.124);(2.221,0.851,-0.545);(2.219,0.850,-0.546);(20.266,0.500,-20.000);0,002231669;0;0;0,002231669;0,002235933;0;0;0,002235933;28,47737;0;0;28,47737;0,1132317;0,1449999;0;0,8;False;0;Unknown;Unknown;0;1;0,1;0,4;0,8;1,2;0,717;Warning;0;3,717;Normal;0;2,096;Normal;0;0,904;PreWarning;0;2,957413;Normal;0;2,631789;Normal;0;0;1;False;NULL
34;6;02_Sc_CWIP_AVR;AVR;2,449978;0,100876;20170327T130400;60,00143;0;Estacionario;(-0.016,1.650,-0.011);(-0.018,1.650,-0.012);(-0.141,1.082,-0.121);(2.219,0.850,-0.546);(2.221,0.851,-0.545);(20.266,0.500,-20.000);0,002231669;0;0;0,002231669;0,002235933;0;0;0,002235933;28,47665;0;0;28,47665;0,07643757;0,1449999;0;0,8;False;0;Unknown;Unknown;0;1;0,1;0,4;0,8;1,2;0,7749999;Warning;0;3,775;Normal;0;2,168;Normal;0;0,832;PreWarning;0;3,04108;Normal;0;2,683465;Normal;0;0;1;False;NULL
35;6;02_Sc_CWIP_AVR;AVR;2,484208;0,03423;20170327T130400;60,00116;0;Estacionario;(-0.018,1.650,-0.012);(-0.016,1.650,-0.011);(-0.119,1.113,-0.124);(2.219,0.850,-0.548);(2.219,0.850,-0.546);(20.266,0.500,-20.000);0,00223508;0;0;0,00223508;0,001999974;0;0;0,001999974;28,47738;0;0;28,47738;0,07312399;0;0;0,8;False;0;Unknown;Unknown;0;1;0,1;0,4;0,8;1,2;0,717;Warning;0;3,717;Normal;0;2,096;Normal;0;0,904;PreWarning;0;2,957413;Normal;0;2,631789;Normal;0;0;1;False;NULL
36;6;02_Sc_CWIP_AVR;AVR;2,534297;0,050089;20170327T130400;60,00085;0;Estacionario;(-0.018,1.650,-0.014);(-0.018,1.650,-0.012);(-0.086,1.137,-0.149);(2.219,0.850,-0.548);(2.219,0.850,-0.548);(20.266,0.500,-20.000);0,001999974;0;0;0,001999974;0;0;0;0;28,47597;0;0;28,47597;0,0389511;0,25;0;0,8;False;0;Unknown;Unknown;0;1;0,1;0,4;0,8;1,2;0,773;Warning;0;3,773;Normal;0;2,171;Normal;0;0,829;PreWarning;0;3,040617;Normal;0;2,681253;Normal;0;0;1;False;NULL
37;6;02_Sc_CWIP_AVR;AVR;2,550154;0,015857;20170327T130400;60,00076;0;Estacionario;(-0.018,1.650,-0.014);(-0.018,1.650,-0.014);(-0.086,1.137,-0.149);(2.215,0.844,-0.551);(2.219,0.850,-0.548);(20.266,0.500,-20.000);3,814697E-06;0;0;3,814697E-06;0,005000162;0;0;0,005000162;28,47597;0;0;28,47597;0,1074504;0,2500012;0;0,8;False;0;Unknown;Unknown;0;1;0,1;0,4;0,8;1,2;0,773;Warning;0;3,773;Normal;0;2,171;Normal;0;0,829;PreWarning;0;3,040617;Normal;0;2,681253;Normal;0;0;1;False;NULL
38;6;02_Sc_CWIP_AVR;AVR;2,667856;0,117702;20170327T130400;60,0004;0;Estacionario;(-0.022,1.650,-0.017);(-0.018,1.650,-0.014);(0.000,1.199,-0.094);(2.216,0.846,-0.550);(2.215,0.844,-0.551);(20.266,0.500,-20.000);0,005001307;0;0;0,005001307;0,001414322;0;0;0,001414322;28,47671;0;0;28,47671;0,06769859;0,2500012;0;0,8;False;0;Unknown;Unknown;0;1;0,1;0,4;0,8;1,2;0,7129998;Warning;0;3,713;Normal;0;2,101;Normal;0;0,899;PreWarning;0;2,955976;Normal;0;2,627326;Normal;0;0;1;False;NULL
39;6;02_Sc_CWIP_AVR;AVR;2,700968;0,033112;20170327T130400;60,00037;0;Estacionario;(-0.021,1.650,-0.016);(-0.022,1.650,-0.017);(-0.052,1.160,-0.131);(2.212,0.839,-0.552);(2.216,0.846,-0.550);(20.266,0.500,-20.000);0,001413816;0;0;0,001413816;0,004472292;0;0;0,004472292;28,4767;0;0;28,4767;0,07670504;0,2500012;0;0,8;False;0;Unknown;Unknown;0;1;0,1;0,4;0,8;1,2;0,77;Warning;0;3,77;Normal;0;2,173;Normal;0;0,827;PreWarning;0;3,038818;Normal;0;2,678117;Normal;0;0;1;False;NULL
40;6;02_Sc_CWIP_AVR;AVR;2,76794;0,066972;20170327T130400;60,00026;0;Estacionario;(-0.025,1.650,-0.018);(-0.021,1.650,-0.016);(0.010,1.189,-0.080);(2.215,0.842,-0.552);(2.212,0.839,-0.552);(20.266,0.500,-20.000);0,004470159;0;0;0,004470159;0,003000021;0;0;0,003000021;28,47815;0;0;28,47815;0,06416883;0,2500012;0;0,8;False;0;Unknown;Unknown;0;1;0,1;0,4;0,8;1,2;0,7659998;Warning;0;3,766;Normal;0;2,175;Normal;0;0,825;PreWarning;0;3,036125;Normal;0;2,673985;Normal;0;0;1;False;NULL
41;6;02_Sc_CWIP_AVR;AVR;2,86867;0,10073;20170327T130400;60,00015;0;Estacionario;(-0.022,1.650,-0.018);(-0.025,1.650,-0.018);(0.014,1.188,-0.076);(2.216,0.844,-0.552);(2.215,0.842,-0.552);(20.266,0.500,-20.000);0,002998352;0;0;0,002998352;0,001000166;0;0;0,001000166;28,47601;0;0;28,47601;0,04226044;0,2500012;0;0,8;False;0;Unknown;Unknown;0;1;0,1;0,4;0,8;1,2;0,7129998;Warning;0;3,713;Normal;0;2,102;Normal;0;0,898;PreWarning;0;2,95641;Normal;0;2,62723;Normal;0;0;1;False;NULL
42;6;02_Sc_CWIP_AVR;AVR;2,886563;0,017893;20170327T130400;60,00014;0;Estacionario;(-0.021,1.650,-0.018);(-0.022,1.650,-0.018);(0.012,1.190,-0.077);(2.215,0.842,-0.552);(2.216,0.844,-0.552);(20.266,0.500,-20.000);0,0009994507;0;0;0,0009994507;0,001000166;0;0;0,001000166;28,4753;0;0;28,4753;0,03726514;0,2500012;0;0,8;False;0;Unknown;Unknown;0;1;0,1;0,4;0,8;1,2;0,77;Warning;0;3,77;Normal;0;2,175;Normal;0;0,825;PreWarning;0;3,039707;Normal;0;2,677975;Normal;0;0;1;False;NULL
43;6;02_Sc_CWIP_AVR;AVR;2,968995;0,082432;20170327T130400;60,00008;0;Estacionario;(-0.022,1.650,-0.018);(-0.021,1.650,-0.018);(0.014,1.188,-0.076);(2.222,0.853,-0.551);(2.215,0.842,-0.552);(20.266,0.500,-20.000);0,0009994507;0;0;0,0009994507;0,007071036;0;0;0,007071036;28,47601;0;0;28,47601;0,07859322;0,2500012;0;0,8;False;0;Unknown;Unknown;0;1;0,1;0,4;0,8;1,2;0,7689998;Warning;0;3,769;Normal;0;2,175;Normal;0;0,825;PreWarning;0;3,038811;Normal;0;2,676977;Normal;0;0;1;False;NULL
44;6;02_Sc_CWIP_AVR;AVR;3,070014;0,101019;20170327T130401;60,00006;0;Estacionario;(-0.015,1.650,-0.017);(-0.022,1.650,-0.018);(0.002,1.199,-0.071);(2.214,0.843,-0.554);(2.222,0.853,-0.551);(20.266,0.500,-20.000);0,007067259;0;0;0,007067259;0,008543914;0;0;0,008543914;28,47173;0;0;28,47173;0,09715582;0,2500012;0;0,8;False;0;Unknown;Unknown;0;1;0,1;0,4;0,8;1,2;0,7199998;Warning;0;3,72;Normal;0;2,101;Normal;0;0,899;PreWarning;0;2,962282;Normal;0;2,634294;Normal;0;0;1;False;NULL
45;6;02_Sc_CWIP_AVR;AVR;3,104525;0,034511;20170327T130401;60,00005;0;Estacionario;(-0.023,1.650,-0.020);(-0.015,1.650,-0.017);(0.006,1.194,-0.086);(2.225,0.858,-0.550);(2.214,0.843,-0.554);(20.266,0.500,-20.000);0,008539896;0;0;0,008539896;0,01170463;0;0;0,01170463;28,47532;0;0;28,47532;0,1628494;0,2500012;0;0,8;False;0;Unknown;Unknown;0;1;0,1;0,4;0,8;1,2;0,7679999;Warning;0;3,768;Normal;0;2,177;Normal;0;0,823;PreWarning;0;3,038807;Normal;0;2,675839;Normal;0;0;1;False;NULL
46;6;02_Sc_CWIP_AVR;AVR;3,170514;0,065989;20170327T130401;60,00004;0;Estacionario;(-0.012,1.650,-0.016);(-0.023,1.650,-0.020);(-0.069,1.121,-0.030);(2.221,0.852,-0.553);(2.225,0.858,-0.550);(20.266,0.500,-20.000);0,01170619;0;0;0,01170619;0,004999936;0;0;0,004999936;28,47029;0;0;28,47029;0,1220083;0,2500012;0;0,8;False;0;Unknown;Unknown;0;1;0,1;0,4;0,8;1,2;0,7789998;Warning;0;3,779;Normal;0;2,173;Normal;0;0,827;PreWarning;0;3,046882;Normal;0;2,687094;Normal;0;0;1;False;NULL
47;6;02_Sc_CWIP_AVR;AVR;3,287934;0,11742;20170327T130401;60,00002;0;Estacionario;(-0.016,1.650,-0.019);(-0.012,1.650,-0.016);(-0.047,1.172,-0.029);(2.221,0.853,-0.553);(2.221,0.852,-0.553);(20.266,0.500,-20.000);0,005004324;0;0;0,005004324;0;0;0;0;28,47104;0;0;28,47104;0,06499038;0,2500012;0;0,8;False;0;Unknown;Unknown;0;1;0,1;0,4;0,8;1,2;0,7749999;Warning;0;3,775;Normal;0;2,176;Normal;0;0,824;PreWarning;0;3,04463;Normal;0;2,682892;Normal;0;0;1;False;NULL
48;6;02_Sc_CWIP_AVR;AVR;3,320928;0,032994;20170327T130401;60,00002;0;Estacionario;(-0.016,1.650,-0.019);(-0.016,1.650,-0.019);(-0.079,1.122,-0.014);(2.222,0.853,-0.552);(2.221,0.853,-0.553);(20.266,0.500,-20.000);3,814697E-06;0;0;3,814697E-06;0,001414153;0;0;0,001414153;28,47104;0;0;28,47104;0,04672165;0,2500012;0;0,8;False;0;Unknown;Unknown;0;1;0,1;0,4;0,8;1,2;0,7189999;Warning;0;3,719;Normal;0;2,103;Normal;0;0,897;PreWarning;0;2,962249;Normal;0;2,633108;Normal;0;0;1;False;NULL
49;6;02_Sc_CWIP_AVR;AVR;3,35496;0,034032;20170327T130401;60,00002;0;Estacionario;(-0.015,1.650,-0.018);(-0.016,1.650,-0.019);(-0.106,1.097,0.006);(2.222,0.854,-0.551);(2.222,0.853,-0.552);(20.266,0.500,-20.000);0,001413816;0;0;0,001413816;0,0009999871;0;0;0,0009999871;28,47103;0;0;28,47103;0,04178995;0,2500012;0;0,8;False;0;Unknown;Unknown;0;1;0,1;0,4;0,8;1,2;0,7759998;Warning;0;3,776;Normal;0;2,175;Normal;0;0,825;PreWarning;0;3,045081;Normal;0;2,68396;Normal;0;0;1;False;NULL
50;6;02_Sc_CWIP_AVR;AVR;3,371085;0,016125;20170327T130401;60,00002;0;Estacionario;(-0.015,1.650,-0.017);(-0.015,1.650,-0.018);(-0.117,1.067,0.012);(2.222,0.853,-0.552);(2.222,0.854,-0.551);(20.266,0.500,-20.000);0,0009999871;0;0;0,0009999871;0,0009999871;0;0;0,0009999871;28,47173;0;0;28,47173;0,03927236;0,2500012;0;0,8;False;0;Unknown;Unknown;0;1;0,1;0,4;0,8;1,2;0,7759998;Warning;0;3,776;Normal;0;2,174;Normal;0;0,826;PreWarning;0;3,044637;Normal;0;2,684031;Normal;0;0;1;False;NULL
51;6;02_Sc_CWIP_AVR;AVR;3,455238;0,084153;20170327T130401;60,00002;0;Estacionario;(-0.015,1.650,-0.018);(-0.015,1.650,-0.017);(-0.106,1.097,0.006);(2.222,0.854,-0.551);(2.222,0.853,-0.552);(20.266,0.500,-20.000);0,0009999871;0;0;0,0009999871;0,0009999871;0;0;0,0009999871;28,47103;0;0;28,47103;0,03491781;0,2500012;0;0,8;False;0;Unknown;Unknown;0;1;0,1;0,4;0,8;1,2;0,7199998;Warning;0;3,72;Normal;0;2,102;Normal;0;0,898;PreWarning;0;2,962716;Normal;0;2,634199;Normal;0;0;1;False;NULL
52;6;02_Sc_CWIP_AVR;AVR;3,488661;0,033423;20170327T130401;60,00002;0;Estacionario;(-0.015,1.650,-0.017);(-0.015,1.650,-0.018);(-0.117,1.067,0.012);(2.224,0.860,-0.546);(2.222,0.854,-0.551);(20.266,0.500,-20.000);0,0009999945;0;0;0,0009999945;0,005385195;0;0;0,005385195;28,47173;0;0;28,47173;0,05660972;0,2500012;0;0,8;False;0;Unknown;Unknown;0;1;0,1;0,4;0,8;1,2;0,7759998;Warning;0;3,776;Normal;0;2,174;Normal;0;0,826;PreWarning;0;3,044637;Normal;0;2,684031;Normal;0;0;1;False;NULL
53;6;02_Sc_CWIP_AVR;AVR;3,522;0,033339;20170327T130401;60,00002;0;Estacionario;(-0.013,1.650,-0.012);(-0.015,1.650,-0.017);(-0.151,0.983,0.014);(2.223,0.857,-0.548);(2.224,0.860,-0.546);(20.266,0.500,-20.000);0,00538617;0;0;0,00538617;0,002236013;0;0;0,002236013;28,47381;0;0;28,47381;0,04753442;0,2500012;0;0,8;False;0;Unknown;Unknown;0;1;0,1;0,4;0,8;1,2;0,7219999;Warning;0;3,722;Normal;0;2,096;Normal;0;0,904;PreWarning;0;2,961921;Normal;0;2,636765;Normal;0;0;1;False;NULL
54;6;02_Sc_CWIP_AVR;AVR;3,555724;0,033724;20170327T130401;60,00002;0;Estacionario;(-0.014,1.650,-0.014);(-0.013,1.650,-0.012);(-0.142,1.008,0.021);(2.224,0.863,-0.545);(2.223,0.857,-0.548);(20.266,0.500,-20.000);0,002235799;0;0;0,002235799;0,003162218;0;0;0,003162218;28,47312;0;0;28,47312;0,07013448;0,2500012;0;0,8;False;0;Unknown;Unknown;0;1;0,1;0,4;0,8;1,2;0,721;Warning;0;3,721;Normal;0;2,098;Normal;0;0,902;PreWarning;0;2,961884;Normal;0;2,635577;Normal;0;0;1;False;NULL
56;6;02_Sc_CWIP_AVR;AVR;3,689585;0,116585;20170327T130401;60,00002;0;Estacionario;(-0.012,1.650,-0.011);(-0.013,1.650,-0.011);(-0.128,1.067,0.010);(2.225,0.866,-0.545);(2.225,0.865,-0.545);(20.266,0.500,-20.000);0,000995636;0;0;0,000995636;0;0;0;0;28,4738;0;0;28,4738;0,02944635;0,25;0;0,8;False;0;Unknown;Unknown;0;1;0,1;0,4;0,8;1,2;0,7229998;Warning;0;3,723;Normal;0;2,095;Normal;0;0,905;PreWarning;0;2,962391;Normal;0;2,637858;Normal;0;0;1;False;NULL
57;6;02_Sc_CWIP_AVR;AVR;3,79025;0,100665;20170327T130401;60,00002;0;Estacionario;(-0.012,1.650,-0.011);(-0.012,1.650,-0.011);(-0.105,1.136,-0.010);(2.225,0.866,-0.545);(2.225,0.866,-0.545);(20.266,0.500,-20.000);0;0;0;0;0;0;0;0;28,4738;0;0;28,4738;0,01568524;0,134901;0;0,8;False;0;Unknown;Unknown;0;1;0,1;0,4;0,8;1,2;0,7789998;Warning;0;3,779;Normal;0;2,168;Normal;0;0,832;PreWarning;0;3,044667;Normal;0;2,687454;Normal;0;0;1;False;NULL
58;6;02_Sc_CWIP_AVR;AVR;3,891418;0,101168;20170327T130401;60,00002;0;Estacionario;(-0.012,1.650,-0.011);(-0.012,1.650,-0.011);(-0.116,1.110,0.000);(2.225,0.867,-0.545);(2.225,0.866,-0.545);(20.266,0.500,-20.000);0;0;0;0;0;0;0;0;28,4738;0;0;28,4738;0,008355089;0,134901;0;0,8;False;0;Unknown;Unknown;0;1;0,1;0,4;0,8;1,2;0,7229998;Warning;0;3,723;Normal;0;2,095;Normal;0;0,905;PreWarning;0;2,962391;Normal;0;2,637858;Normal;0;0;1;False;NULL
59;6;02_Sc_CWIP_AVR;AVR;3,991107;0,099689;20170327T130401;60,00002;0;Estacionario;(-0.012,1.650,-0.011);(-0.012,1.650,-0.011);(-0.082,1.176,-0.027);(2.213,0.862,-0.547);(2.225,0.867,-0.545);(20.266,0.500,-20.000);3,814697E-06;0;0;3,814697E-06;0,01216537;0;0;0,01216537;28,4738;0;0;28,4738;0,1095585;0,134901;0;0,8;False;0;Unknown;Unknown;0;1;0,1;0,4;0,8;1,2;0,7789998;Warning;0;3,779;Normal;0;2,168;Normal;0;0,832;PreWarning;0;3,044667;Normal;0;2,687454;Normal;0;0;1;False;NULL
60;6;02_Sc_CWIP_AVR;AVR;4,092195;0,101088;20170327T130402;60,00002;0;Estacionario;(-0.024,1.650,-0.013);(-0.012,1.650,-0.011);(-0.088,1.252,-0.071);(2.205,0.855,-0.550);(2.213,0.862,-0.547);(20.266,0.500,-20.000);0,01217031;0;0;0,01217031;0,008544138;0;0;0,008544138;28,48095;0;0;28,48095;0,1275469;0,134901;0;0,8;False;0;Unknown;Unknown;0;1;0,1;0,4;0,8;1,2;0,711;Warning;0;3,711;Normal;0;2,097;Normal;0;0,903;PreWarning;0;2,952438;Normal;0;2,625721;Normal;0;0;1;False;NULL
61;6;02_Sc_CWIP_AVR;AVR;4,192335;0,10014;20170327T130402;60,00002;0;Estacionario;(-0.032,1.650,-0.016);(-0.024,1.650,-0.013);(-0.130,1.225,-0.076);(2.212,0.861,-0.547);(2.205,0.855,-0.550);(20.266,0.500,-20.000);0,008543468;0;0;0,008543468;0,007615753;0;0;0,007615753;28,48454;0;0;28,48454;0,1234572;0,134901;0;0,8;False;0;Unknown;Unknown;0;1;0,1;0,4;0,8;1,2;0,7589998;Warning;0;3,759;Normal;0;2,173;Normal;0;0,827;PreWarning;0;3,028967;Normal;0;2,667145;Normal;0;0;1;False;NULL
63;6;02_Sc_CWIP_AVR;AVR;4,326192;0,033363;20170327T130402;60,00002;0;Estacionario;(-0.031,1.650,-0.014);(-0.025,1.650,-0.013);(-0.121,1.237,-0.076);(2.199,0.855,-0.549);(2.206,0.857,-0.548);(20.266,0.500,-20.000);0,006079509;0;0;0,006079509;0,00707128;0;0;0,00707128;28,48523;0;0;28,48523;0,1260083;0,134901;0;0,8;False;0;Unknown;Unknown;0;1;0,1;0,4;0,8;1,2;0,704;Warning;0;3,704;Normal;0;2,098;Normal;0;0,902;PreWarning;0;2,946566;Normal;0;2,618657;Normal;0;0;1;False;NULL
65;6;02_Sc_CWIP_AVR;AVR;4,494078;0,100627;20170327T130402;60,00002;0;Estacionario;(-0.053,1.650,-0.020);(-0.038,1.650,-0.015);(-0.247,1.107,-0.069);(2.180,0.850,-0.558);(2.184,0.850,-0.554);(20.266,0.500,-20.000);0,01581081;0;0;0,01581081;0,005656824;0;0;0,005656824;28,49671;0;0;28,49671;0,1374031;0,134901;0;0,8;False;0;Unknown;Unknown;0;1;0,1;0,4;0,8;1,2;0,6819999;Warning;0;3,682;Normal;0;2,104;Normal;0;0,896;PreWarning;0;2,929393;Normal;0;2,596181;Normal;0;0;1;False;NULL
67;6;02_Sc_CWIP_AVR;AVR;4,594461;0,067267;20170327T130402;60,00002;0;Estacionario;(-0.062,1.650,-0.029);(-0.057,1.650,-0.024);(-0.247,1.045,-0.043);(2.205,0.855,-0.550);(2.175,0.850,-0.563);(20.266,0.500,-20.000);0,00707182;0;0;0,00707182;0,03269554;0;0;0,03269554;28,49681;0;0;28,49681;0,3058997;0,134901;0;0,8;False;0;Unknown;Unknown;0;1;0,1;0,4;0,8;1,2;0,7289999;Warning;0;3,729;Normal;0;2,186;Normal;0;0,814;PreWarning;0;3,007996;Normal;0;2,636309;Normal;0;0;1;False;NULL
68;6;02_Sc_CWIP_AVR;AVR;4,627781;0,03332;20170327T130402;60,00002;0;Estacionario;(-0.032,1.650,-0.016);(-0.062,1.650,-0.029);(-0.130,1.225,-0.076);(2.212,0.861,-0.547);(2.205,0.855,-0.550);(20.266,0.500,-20.000);0,03269795;0;0;0,03269795;0,007615753;0;0;0,007615753;28,48454;0;0;28,48454;0,2199703;0,134901;0;0,8;False;0;Unknown;Unknown;0;1;0,1;0,4;0,8;1,2;0,7589998;Warning;0;3,759;Normal;0;2,173;Normal;0;0,827;PreWarning;0;3,028967;Normal;0;2,667145;Normal;0;0;1;False;NULL
69;6;02_Sc_CWIP_AVR;AVR;4,696748;0,068967;20170327T130402;60,00002;0;Direct;(-0.025,1.650,-0.013);(-0.032,1.650,-0.016);(-0.104,1.234,-0.067);(2.169,0.846,-0.567);(2.212,0.861,-0.547);(20.266,0.500,-20.000);0,007612247;0,007612247;0;0;0,0474236;0,0474236;0;0;28,48166;28,48166;0;0;0,9304364;0;0;0,8;False;0;Unknown;Unknown;0;1;0,1;0,4;0,8;1,2;0,7659998;Warning;0;3,766;Normal;0;2,17;Normal;0;0,83;PreWarning;0;3,033901;Normal;0;2,674343;Normal;0;0;1;False;NULL
70;6;02_Sc_CWIP_AVR;AVR;4,813637;0,116889;20170327T130402;60,00002;0;Estacionario;(-0.068,1.650,-0.033);(-0.025,1.650,-0.013);(-0.220,1.103,-0.124);(2.164,0.844,-0.571);(2.169,0.846,-0.567);(20.266,0.500,-20.000);0,04742295;0;0;0,04742295;0,006403032;0;0;0,006403032;28,49829;0;0;28,49829;0,5449761;0,5410718;0;0,8;False;0;Unknown;Unknown;0;1;0,1;0,4;0,8;1,2;0,7229998;Warning;0;3,723;Normal;0;2,19;Normal;0;0,81;PreWarning;0;3,004458;Normal;0;2,630053;Normal;0;0;1;False;NULL
71;6;02_Sc_CWIP_AVR;AVR;4,829683;0,016046;20170327T130402;60,00002;0;Direct;(-0.073,1.650,-0.037);(-0.068,1.650,-0.033);(-0.202,1.105,-0.162);(2.184,0.850,-0.554);(2.164,0.844,-0.571);(20.266,0.500,-20.000);0,006400985;0,006400985;0;0;0,02624877;0,02624877;0;0;28,49906;28,49906;0;0;1,031462;0;0;0,8;False;0;Unknown;Unknown;0;1;0,1;0,4;0,8;1,2;0,6619999;Warning;0;3,662;Normal;0;2,121;Normal;0;0,879;PreWarning;0;2,918959;Normal;0;2,574684;Normal;0;0;1;False;NULL
72;6;02_Sc_CWIP_AVR;AVR;4,913241;0,083558;20170327T130402;60,00002;0;Direct;(-0.053,1.650,-0.020);(-0.073,1.650,-0.037);(-0.247,1.107,-0.069);(2.169,0.843,-0.593);(2.184,0.850,-0.554);(20.266,0.500,-20.000);0,02624623;0,02624623;0;0;0,04178518;0,04178518;0;0;28,49671;28,49671;0;0;1,221502;0;0;0,8;False;0;Unknown;Unknown;0;1;0,1;0,4;0,8;1,2;0,6819999;Warning;0;3,682;Normal;0;2,104;Normal;0;0,896;PreWarning;0;2,929393;Normal;0;2,596181;Normal;0;0;1;False;NULL
73;6;02_Sc_CWIP_AVR;AVR;5,013759;0,100518;20170327T130402;60,00002;0;Direct;(-0.068,1.650,-0.059);(-0.053,1.650,-0.020);(-0.133,1.152,-0.127);(2.165,0.842,-0.593);(2.169,0.843,-0.593);(20.266,0.500,-20.000);0,04178492;0,04178492;0;0;0,003999949;0,003999949;0;0;28,48008;28,48008;0;0;0,9381296;0;0;0,8;False;0;Unknown;Unknown;0;1;0,1;0,4;0,8;1,2;0,7229998;Warning;0;3,723;Normal;0;2,216;Normal;0;0,784;Warning;0;3,016331;Normal;0;2,628416;Normal;0;0;1;False;NULL
74;6;02_Sc_CWIP_AVR;AVR;5,096982;0,083223;20170327T130403;60,00002;0;Direct;(-0.072,1.650,-0.059);(-0.068,1.650,-0.059);(-0.137,1.137,-0.140);(2.182,0.850,-0.601);(2.165,0.842,-0.593);(20.266,0.500,-20.000);0,003997803;0,003997803;0;0;0,01878827;0,01878827;0;0;28,48294;28,48294;0;0;1,119741;0;0;0,8;False;0;Unknown;Unknown;0;1;0,1;0,4;0,8;1,2;0,6629999;Warning;0;3,663;Normal;0;2,143;Normal;0;0,857;PreWarning;0;2,929696;Normal;0;2,573763;Normal;0;0;1;False;NULL
75;6;02_Sc_CWIP_AVR;AVR;5,215159;0,118177;20170327T130403;60,00002;0;Direct;(-0.055,1.650,-0.067);(-0.072,1.650,-0.059);(-0.130,1.199,-0.204);(2.172,0.846,-0.600);(2.182,0.850,-0.601);(20.266,0.500,-20.000);0,01878675;0,01878675;0;0;0,01004986;0,01004986;0;0;28,4652;28,4652;0;0;0,9238712;0;0;0,8;False;0;Unknown;Unknown;0;1;0,1;0,4;0,8;1,2;0,7359998;Warning;0;3,736;Normal;0;2,224;Normal;0;0,776;Warning;0;3,031554;Normal;0;2,640935;Normal;0;0;1;False;NULL
76;6;02_Sc_CWIP_AVR;AVR;5,249326;0,034167;20170327T130403;60,00002;0;Direct;(-0.065,1.650,-0.066);(-0.055,1.650,-0.067);(-0.131,1.161,-0.190);(2.164,0.844,-0.571);(2.172,0.846,-0.600);(20.266,0.500,-20.000);0,0100482;0,0100482;0;0;0,03008323;0,03008323;0;0;28,47304;28,47304;0;0;0,9584684;0;0;0,8;False;0;Unknown;Unknown;0;1;0,1;0,4;0,8;1,2;0,7259998;Warning;0;3,726;Normal;0;2,223;Normal;0;0,777;Warning;0;3,022216;Normal;0;2,631007;Normal;0;0;1;False;NULL
77;6;02_Sc_CWIP_AVR;AVR;5,315494;0,066168;20170327T130403;60,00002;0;Direct;(-0.073,1.650,-0.037);(-0.065,1.650,-0.066);(-0.202,1.105,-0.162);(2.196,0.859,-0.600);(2.164,0.844,-0.571);(20.266,0.500,-20.000);0,03008311;0,03008311;0;0;0,04318572;0,04318572;0;0;28,49906;28,49906;0;0;1,330005;0;0;0,8;False;0;Unknown;Unknown;0;1;0,1;0,4;0,8;1,2;0,7179999;Warning;0;3,718;Normal;0;2,194;Normal;0;0,806;PreWarning;0;3,001822;Normal;0;2,624798;Normal;0;0;1;False;NULL
78;6;02_Sc_CWIP_AVR;AVR;5,415272;0,099778;20170327T130403;60,00002;0;Direct;(-0.041,1.650,-0.066);(-0.073,1.650,-0.037);(-0.157,1.058,-0.127);(2.169,0.843,-0.593);(2.196,0.859,-0.600);(20.266,0.500,-20.000);0,04318396;0,04318396;0;0;0,02789284;0,02789284;0;0;28,45591;28,45591;0;0;1,222178;0;0;0,8;False;0;Unknown;Unknown;0;1;0,1;0,4;0,8;1,2;0,694;Warning;0;3,694;Normal;0;2,15;Normal;0;0,85;PreWarning;0;2,96054;Normal;0;2,604084;Normal;0;0;1;False;NULL
79;6;02_Sc_CWIP_AVR;AVR;5,432722;0,01745;20170327T130403;60,00002;0;Direct;(-0.068,1.650,-0.059);(-0.041,1.650,-0.066);(-0.133,1.152,-0.127);(2.189,0.855,-0.605);(2.169,0.843,-0.593);(20.266,0.500,-20.000);0,02789307;0,02789307;0;0;0,0233238;0,0233238;0;0;28,48008;28,48008;0;0;1,469867;0;0;0,8;False;0;Unknown;Unknown;0;1;0,1;0,4;0,8;1,2;0,7229998;Warning;0;3,723;Normal;0;2,216;Normal;0;0,784;Warning;0;3,016331;Normal;0;2,628416;Normal;0;0;1;False;NULL
80;6;02_Sc_CWIP_AVR;AVR;5,5158;0,083078;20170327T130403;60,00002;0;Direct;(-0.048,1.650,-0.071);(-0.068,1.650,-0.059);(-0.145,1.085,-0.155);(2.165,0.842,-0.593);(2.189,0.855,-0.605);(20.266,0.500,-20.000);0,02332421;0,02332421;0;0;0,02683276;0,02683276;0;0;28,4574;28,4574;0;0;1,314006;0;0;0,8;False;0;Unknown;Unknown;0;1;0,1;0,4;0,8;1,2;0,7429998;Warning;0;3,743;Normal;0;2,228;Normal;0;0,772;Warning;0;3,039609;Normal;0;2,647703;Normal;0;0;1;False;NULL
81;6;02_Sc_CWIP_AVR;AVR;5,549432;0,033632;20170327T130403;60,00002;0;Direct;(-0.072,1.650,-0.059);(-0.048,1.650,-0.071);(-0.137,1.137,-0.140);(2.196,0.861,-0.595);(2.165,0.842,-0.593);(20.266,0.500,-20.000);0,02683468;0,02683468;0;0;0,03106459;0,03106459;0;0;28,48294;28,48294;0;0;1,271849;0;0;0,8;False;0;Unknown;Unknown;0;1;0,1;0,4;0,8;1,2;0,7189999;Warning;0;3,719;Normal;0;2,216;Normal;0;0,784;Warning;0;3,012779;Normal;0;2,624423;Normal;0;0;1;False;NULL
82;6;02_Sc_CWIP_AVR;AVR;5,666468;0,117036;20170327T130403;60,00002;0;Direct;(-0.041,1.650,-0.061);(-0.072,1.650,-0.059);(-0.118,1.072,-0.177);(2.195,0.860,-0.595);(2.196,0.861,-0.595);(20.266,0.500,-20.000);0,0310703;0,0310703;0;0;0,001000166;0,001000166;0;0;28,45941;28,45941;0;0;0,9399598;0;0;0,8;False;0;Unknown;Unknown;0;1;0,1;0,4;0,8;1,2;0,75;Warning;0;3,75;Normal;0;2,218;Normal;0;0,7819999;Warning;0;3,041246;Normal;0;2,655253;Normal;0;0;1;False;NULL
83;6;02_Sc_CWIP_AVR;AVR;5,733514;0,067046;20170327T130403;60,00002;0;Estacionario;(-0.042,1.650,-0.061);(-0.041,1.650,-0.061);(-0.133,1.142,-0.203);(2.198,0.861,-0.600);(2.195,0.860,-0.595);(20.266,0.500,-20.000);0,001003265;0;0;0,001003265;0,005830958;0;0;0,005830958;28,46012;0;0;28,46012;0,5438796;0,5887987;0;0,8;False;0;Unknown;Unknown;0;1;0,1;0,4;0,8;1,2;0,7489998;Warning;0;3,749;Normal;0;2,218;Normal;0;0,7819999;Warning;0;3,040357;Normal;0;2,654255;Normal;0;0;1;False;NULL
84;6;02_Sc_CWIP_AVR;AVR;5,937461;0,203947;20170327T130403;60,00002;0;Estacionario;(-0.039,1.650,-0.066);(-0.042,1.650,-0.061);(-0.149,1.125,-0.182);(2.196,0.859,-0.600);(2.198,0.861,-0.600);(20.266,0.500,-20.000);0,005832063;0;0;0,005832063;0,001999855;0;0;0,001999855;28,45448;0;0;28,45448;0,2930854;0,6243154;0;0,8;False;0;Unknown;Unknown;0;1;0,1;0,4;0,8;1,2;0,6959999;Warning;0;3,696;Normal;0;2,15;Normal;0;0,85;PreWarning;0;2,962328;Normal;0;2,606077;Normal;0;0;1;False;NULL
85;6;02_Sc_CWIP_AVR;AVR;6,002023;0,064562;20170327T130403;60,00002;0;Estacionario;(-0.041,1.650,-0.066);(-0.039,1.650,-0.066);(-0.157,1.058,-0.127);(2.197,0.861,-0.595);(2.196,0.859,-0.600);(20.266,0.500,-20.000);0,002002716;0;0;0,002002716;0,005099;0;0;0,005099;28,45591;0;0;28,45591;0,187509;0,6243154;0;0,8;False;0;Unknown;Unknown;0;1;0,1;0,4;0,8;1,2;0,694;Warning;0;3,694;Normal;0;2,15;Normal;0;0,85;PreWarning;0;2,96054;Normal;0;2,604084;Normal;0;0;1;False;NULL
86;6;02_Sc_CWIP_AVR;AVR;6,035197;0,033174;20170327T130403;60,00002;0;Estacionario;(-0.040,1.650,-0.061);(-0.041,1.650,-0.066);(-0.204,1.150,-0.132);(2.196,0.861,-0.595);(2.197,0.861,-0.595);(20.266,0.500,-20.000);0,005098907;0;0;0,005098907;0,0009999275;0;0;0,0009999275;28,4587;0;0;28,4587;0,1107897;0,6243154;0;0,8;False;0;Unknown;Unknown;0;1;0,1;0,4;0,8;1,2;0,7509999;Warning;0;3,751;Normal;0;2,218;Normal;0;0,7819999;Warning;0;3,042136;Normal;0;2,656252;Normal;0;0;1;False;NULL
87;6;02_Sc_CWIP_AVR;AVR;6,068573;0,033376;20170327T130404;60,00002;0;Estacionario;(-0.041,1.650,-0.061);(-0.040,1.650,-0.061);(-0.198,1.164,-0.129);(2.195,0.860,-0.595);(2.196,0.861,-0.595);(20.266,0.500,-20.000);0,0009994507;0;0;0,0009994507;0,001000166;0;0;0,001000166;28,45941;0;0;28,45941;0,06616564;0,6243154;0;0,8;False;0;Unknown;Unknown;0;1;0,1;0,4;0,8;1,2;0,75;Warning;0;3,75;Normal;0;2,218;Normal;0;0,7819999;Warning;0;3,041246;Normal;0;2,655253;Normal;0;0;1;False;NULL
88;6;02_Sc_CWIP_AVR;AVR;6,152321;0,083748;20170327T130404;60,00002;0;Estacionario;(-0.042,1.650,-0.061);(-0.041,1.650,-0.061);(-0.118,1.114,-0.197);(2.193,0.860,-0.592);(2.195,0.860,-0.595);(20.266,0.500,-20.000);0,0009994507;0;0;0,0009994507;0,003605488;0;0;0,003605488;28,46012;0;0;28,46012;0,0683205;0,6243154;0;0,8;False;0;Unknown;Unknown;0;1;0,1;0,4;0,8;1,2;0,6929998;Warning;0;3,693;Normal;0;2,145;Normal;0;0,855;PreWarning;0;2,957408;Normal;0;2,603493;Normal;0;0;1;False;NULL
89;6;02_Sc_CWIP_AVR;AVR;6,253176;0,100855;20170327T130404;60,00002;0;Estacionario;(-0.044,1.650,-0.058);(-0.042,1.650,-0.061);(-0.189,1.195,-0.132);(2.187,0.859,-0.588);(2.193,0.860,-0.592);(20.266,0.500,-20.000);0,003604959;0;0;0,003604959;0,007211142;0;0;0,007211142;28,46365;0;0;28,46365;0,09141695;0,6243154;0;0,8;False;0;Unknown;Unknown;0;1;0,1;0,4;0,8;1,2;0,747;Warning;0;3,747;Normal;0;2,215;Normal;0;0,785;Warning;0;3,037207;Normal;0;2,652433;Normal;0;0;1;False;NULL
90;6;02_Sc_CWIP_AVR;AVR;6,353342;0,100166;20170327T130404;60,00002;0;Estacionario;(-0.050,1.650,-0.054);(-0.044,1.650,-0.058);(-0.163,1.221,-0.143);(2.186,0.859,-0.587);(2.187,0.859,-0.588);(20.266,0.500,-20.000);0,007211538;0;0;0,007211538;0,001414153;0;0;0,001414153;28,47074;0;0;28,47074;0,05953669;0,6243154;0;0,8;False;0;Unknown;Unknown;0;1;0,1;0,4;0,8;1,2;0,7409999;Warning;0;3,741;Normal;0;2,211;Normal;0;0,789;Warning;0;3,030043;Normal;0;2,646681;Normal;0;0;1;False;NULL
91;6;02_Sc_CWIP_AVR;AVR;6,47055;0,117208;20170327T130404;60,00002;0;Estacionario;(-0.051,1.650,-0.053);(-0.050,1.650,-0.054);(-0.195,1.197,-0.136);(2.179,0.860,-0.583);(2.186,0.859,-0.587);(20.266,0.500,-20.000);0,001413816;0;0;0,001413816;0,008062443;0;0;0,008062443;28,47215;0;0;28,47215;0,08761165;0,6243154;0;0,8;False;0;Unknown;Unknown;0;1;0,1;0,4;0,8;1,2;0,74;Warning;0;3,74;Normal;0;2,21;Normal;0;0,79;Warning;0;3,028697;Normal;0;2,645743;Normal;0;0;1;False;NULL
92;6;02_Sc_CWIP_AVR;AVR;6,554799;0,084249;20170327T130404;60,00002;0;Estacionario;(-0.058,1.650,-0.049);(-0.051,1.650,-0.053);(-0.193,1.188,-0.160);(2.178,0.860,-0.582);(2.179,0.860,-0.583);(20.266,0.500,-20.000);0,008065548;0;0;0,008065548;0,001414153;0;0;0,001414153;28,47995;0;0;28,47995;0,05829786;0,6243154;0;0,8;False;0;Unknown;Unknown;0;1;0,1;0,4;0,8;1,2;0,6769998;Warning;0;3,677;Normal;0;2,133;Normal;0;0,867;PreWarning;0;2,937734;Normal;0;2,588562;Normal;0;0;1;False;NULL
93;6;02_Sc_CWIP_AVR;AVR;6,65478;0,099981;20170327T130404;60,00002;0;Estacionario;(-0.059,1.650,-0.048);(-0.058,1.650,-0.049);(-0.193,1.199,-0.143);(2.174,0.864,-0.580);(2.178,0.860,-0.582);(20.266,0.500,-20.000);0,001411122;0;0;0,001411122;0,004472105;0;0;0,004472105;28,48136;0;0;28,48136;0,06917612;0,6243154;0;0,8;False;0;Unknown;Unknown;0;1;0,1;0,4;0,8;1,2;0,7319999;Warning;0;3,732;Normal;0;2,205;Normal;0;0,795;Warning;0;3,019297;Normal;0;2,638064;Normal;0;0;1;False;NULL
94;6;02_Sc_CWIP_AVR;AVR;6,755802;0,101022;20170327T130404;60,00002;0;Estacionario;(-0.063,1.650,-0.046);(-0.059,1.650,-0.048);(-0.185,1.198,-0.116);(2.175,0.865,-0.579);(2.174,0.864,-0.580);(20.266,0.500,-20.000);0,004473598;0;0;0,004473598;0,001414153;0;0;0,001414153;28,48562;0;0;28,48562;0,04685504;0,6243154;0;0,8;False;0;Unknown;Unknown;0;1;0,1;0,4;0,8;1,2;0,7279999;Warning;0;3,728;Normal;0;2,203;Normal;0;0,797;Warning;0;3,014825;Normal;0;2,634197;Normal;0;0;1;False;NULL
95;6;02_Sc_CWIP_AVR;AVR;6,789205;0,033403;20170327T130404;60,00002;0;Estacionario;(-0.062,1.650,-0.045);(-0.063,1.650,-0.046);(-0.185,1.177,-0.151);(2.174,0.863,-0.579);(2.175,0.865,-0.579);(20.266,0.500,-20.000);0,001413816;0;0;0,001413816;0,0009999275;0;0;0,0009999275;28,4856;0;0;28,4856;0,03305618;0,6243154;0;0,8;False;0;Unknown;Unknown;0;1;0,1;0,4;0,8;1,2;0,6729999;Warning;0;3,673;Normal;0;2,129;Normal;0;0,871;PreWarning;0;2,932371;Normal;0;2,584926;Normal;0;0;1;False;NULL
96;6;02_Sc_CWIP_AVR;AVR;6,872819;0,083614;20170327T130404;60,00002;0;Estacionario;(-0.063,1.650,-0.045);(-0.062,1.650,-0.045);(-0.188,1.194,-0.148);(2.179,0.867,-0.579);(2.174,0.863,-0.579);(20.266,0.500,-20.000);0,0009994507;0;0;0,0009994507;0,004999876;0;0;0,004999876;28,48632;0;0;28,48632;0,05668975;0,6243154;0;0,8;False;0;Unknown;Unknown;0;1;0,1;0,4;0,8;1,2;0,7279999;Warning;0;3,728;Normal;0;2,202;Normal;0;0,798;Warning;0;3,014369;Normal;0;2,63426;Normal;0;0;1;False;NULL
97;6;02_Sc_CWIP_AVR;AVR;6,957971;0,085152;20170327T130404;60,00002;0;Estacionario;(-0.058,1.650,-0.045);(-0.063,1.650,-0.045);(-0.198,1.144,-0.125);(2.176,0.866,-0.578);(2.179,0.867,-0.579);(20.266,0.500,-20.000);0,004997253;0;0;0,004997253;0,003162067;0;0;0,003162067;28,48275;0;0;28,48275;0,05327145;0,6243154;0;0,8;False;0;Unknown;Unknown;0;1;0,1;0,4;0,8;1,2;0,7329998;Warning;0;3,733;Normal;0;2,202;Normal;0;0,798;Warning;0;3,01882;Normal;0;2,63925;Normal;0;0;1;False;NULL
98;6;02_Sc_CWIP_AVR;AVR;6,98987;0,031899;20170327T130404;60,00002;0;Estacionario;(-0.061,1.650,-0.044);(-0.058,1.650,-0.045);(-0.196,1.151,-0.123);(2.178,0.866,-0.579);(2.176,0.866,-0.578);(20.266,0.500,-20.000);0,003157092;0;0;0,003157092;0,002235933;0;0;0,002235933;28,48559;0;0;28,48559;0,04456893;0,25;0;0,8;False;0;Unknown;Unknown;0;1;0,1;0,4;0,8;1,2;0,674;Warning;0;3,674;Normal;0;2,128;Normal;0;0,872;PreWarning;0;2,932821;Normal;0;2,58601;Normal;0;0;1;False;NULL
99;6;02_Sc_CWIP_AVR;AVR;7,090543;0,100673;20170327T130405;60,00002;0;Estacionario;(-0.059,1.650,-0.045);(-0.061,1.650,-0.044);(-0.199,1.139,-0.138);(2.184,0.866,-0.582);(2.178,0.866,-0.579);(20.266,0.500,-20.000);0,002231669;0;0;0,002231669;0,006708251;0;0;0,006708251;28,48347;0;0;28,48347;0,09159114;0,1596535;0;0,8;False;0;Unknown;Unknown;0;1;0,1;0,4;0,8;1,2;0,7319999;Warning;0;3,732;Normal;0;2,202;Normal;0;0,798;Warning;0;3,01793;Normal;0;2,638252;Normal;0;0;1;False;NULL
100;6;02_Sc_CWIP_AVR;AVR;7,175895;0,085352;20170327T130405;60,00002;0;Estacionario;(-0.053,1.650,-0.048);(-0.059,1.650,-0.045);(-0.092,1.193,-0.088);(2.186,0.866,-0.583);(2.184,0.866,-0.582);(20.266,0.500,-20.000);0,00671209;0;0;0,00671209;0,002236146;0;0;0,002236146;28,47708;0;0;28,47708;0,06336918;0,1596535;0;0,8;False;0;Unknown;Unknown;0;1;0,1;0,4;0,8;1,2;0,7379999;Warning;0;3,738;Normal;0;2,205;Normal;0;0,795;Warning;0;3,024637;Normal;0;2,644053;Normal;0;0;1;False;NULL
101;6;02_Sc_CWIP_AVR;AVR;7,293329;0,117434;20170327T130405;60,00002;0;Estacionario;(-0.051,1.650,-0.049);(-0.053,1.650,-0.048);(-0.067,1.205,-0.089);(2.185,0.866,-0.582);(2.186,0.866,-0.583);(20.266,0.500,-20.000);0,00223508;0;0;0,00223508;0,001414322;0;0;0,001414322;28,47495;0;0;28,47495;0,04599823;0,1596535;0;0,8;False;0;Unknown;Unknown;0;1;0,1;0,4;0,8;1,2;0,684;Warning;0;3,684;Normal;0;2,133;Normal;0;0,867;PreWarning;0;2,944001;Normal;0;2,595536;Normal;0;0;1;False;NULL
102;6;02_Sc_CWIP_AVR;AVR;7,375368;0,082039;20170327T130405;60,00002;0;Estacionario;(-0.052,1.650,-0.048);(-0.051,1.650,-0.049);(-0.075,1.191,-0.089);(2.198,0.867,-0.585);(2.185,0.866,-0.582);(20.266,0.500,-20.000);0,001416515;0;0;0,001416515;0,01334167;0;0;0,01334167;28,47637;0;0;28,47637;0,1521762;0,1596535;0;0,8;False;0;Unknown;Unknown;0;1;0,1;0,4;0,8;1,2;0,7389998;Warning;0;3,739;Normal;0;2,205;Normal;0;0,795;Warning;0;3,025528;Normal;0;2,645051;Normal;0;0;1;False;NULL
103;6;02_Sc_CWIP_AVR;AVR;7,475647;0,100279;20170327T130405;60,00002;0;Estacionario;(-0.039,1.650,-0.051);(-0.052,1.650,-0.048);(-0.022,1.219,-0.103);(2.194,0.867,-0.584);(2.198,0.867,-0.585);(20.266,0.500,-20.000);0,01334213;0;0;0,01334213;0,004123053;0;0;0,004123053;28,46499;0;0;28,46499;0,1096036;0,1596535;0;0,8;False;0;Unknown;Unknown;0;1;0,1;0,4;0,8;1,2;0,7519999;Warning;0;3,752;Normal;0;2,208;Normal;0;0,792;Warning;0;3,03847;Normal;0;2,657842;Normal;0;0;1;False;NULL
104;6;02_Sc_CWIP_AVR;AVR;7,509138;0,033491;20170327T130405;60,00002;0;Estacionario;(-0.043,1.650,-0.050);(-0.039,1.650,-0.051);(-0.036,1.207,-0.093);(2.184,0.866,-0.582);(2.194,0.867,-0.584);(20.266,0.500,-20.000);0,004120971;0;0;0,004120971;0,01019803;0;0;0,01019803;28,46854;0;0;28,46854;0,1365952;0,1596535;0;0,8;False;0;Unknown;Unknown;0;1;0,1;0,4;0,8;1,2;0,7479999;Warning;0;3,748;Normal;0;2,207;Normal;0;0,793;Warning;0;3,034452;Normal;0;2,653911;Normal;0;0;1;False;NULL
105;6;02_Sc_CWIP_AVR;AVR;7,576156;0,067018;20170327T130405;60,00002;0;Estacionario;(-0.053,1.650,-0.048);(-0.043,1.650,-0.050);(-0.092,1.193,-0.088);(2.200,0.868,-0.586);(2.184,0.866,-0.582);(20.266,0.500,-20.000);0,01020013;0;0;0,01020013;0,01649246;0;0;0,01649246;28,47708;0;0;28,47708;0,1964425;0,1596535;0;0,8;False;0;Unknown;Unknown;0;1;0,1;0,4;0,8;1,2;0,7379999;Warning;0;3,738;Normal;0;2,205;Normal;0;0,795;Warning;0;3,024637;Normal;0;2,644053;Normal;0;0;1;False;NULL
107;6;02_Sc_CWIP_AVR;AVR;7,693507;0,099693;20170327T130405;60,00002;0;Estacionario;(-0.049,1.650,-0.049);(-0.037,1.650,-0.052);(-0.051,1.212,-0.091);(2.206,0.868,-0.588);(2.188,0.865,-0.583);(20.266,0.500,-20.000);0,01237033;0;0;0,01237033;0,01868166;0;0;0,01868166;28,47353;0;0;28,47353;0,2893007;0,1596535;0;0,8;False;0;Unknown;Unknown;0;1;0,1;0,4;0,8;1,2;0,6859999;Warning;0;3,686;Normal;0;2,133;Normal;0;0,867;PreWarning;0;2,945792;Normal;0;2,597529;Normal;0;0;1;False;NULL
